filename,relative_path,file_type,downloaded,notes
js_repl_server.mjs,.js_repl/js_repl_server.mjs,.mjs,yes,
kernel.js,.js_repl/kernel.js,.js,yes,
meriyah.umd.min.js,.js_repl/meriyah.umd.min.js,.js,yes,
state.json,.js_repl/state.json,.json,yes,
69ad2ba4bed17f7eb8abaacb0b8305668839237b322a5afcb652caae1e84ec2c.jpg,69ad2ba4bed17f7eb8abaacb0b8305668839237b322a5afcb652caae1e84ec2c.jpg,.jpg,yes,
AlertsPanel.tsx,AlertsPanel.tsx,.tsx,yes,
BrokerScoreCards.tsx,BrokerScoreCards.tsx,.tsx,yes,
CANONICAL_SCHEMA.md,CANONICAL_SCHEMA.md,.md,yes,
CHANGELOG.md,CHANGELOG.md,.md,yes,
CHANGE_SUMMARY.md,CHANGE_SUMMARY.md,.md,yes,
FRONTEND_UPGRADE_SUMMARY.md,FRONTEND_UPGRADE_SUMMARY.md,.md,yes,
KPIGrid.tsx,KPIGrid.tsx,.tsx,yes,
ListingDrawer.tsx,ListingDrawer.tsx,.tsx,yes,
ListingsTable.tsx,ListingsTable.tsx,.tsx,yes,
MarketCharts.tsx,MarketCharts.tsx,.tsx,yes,
NORMALIZATION_REPORT_20260405.md,NORMALIZATION_REPORT_20260405.md,.md,yes,
README.md,README.md,.md,yes,
SCORING_BREAKDOWN_CHANGES.md,SCORING_BREAKDOWN_CHANGES.md,.md,yes,
SCORING_ENGINE_V2_SUMMARY.md,SCORING_ENGINE_V2_SUMMARY.md,.md,yes,
SKILL-3.md,SKILL-3.md,.md,yes,
SKILL.md,SKILL.md,.md,yes,
Towers.jsx,Towers.jsx,.jsx,yes,
VISUAL_REDESIGN_SUMMARY.md,VISUAL_REDESIGN_SUMMARY.md,.md,yes,
VerificationConsole.tsx,VerificationConsole.tsx,.tsx,yes,
app.js,app.js,.js,yes,
base.css,base.css,.css,yes,
blueprint_merge_report_20260404.md,blueprint_merge_report_20260404.md,.md,yes,
bot-1-avatar.js,bot-1-avatar.js,.js,yes,
bot-1.js,bot-1.js,.js,yes,
bot-py.py,bot-py.py,.py,yes,
bot.js,bot.js,.js,yes,
bot_panel_screenshot.png,bot_panel_screenshot.png,.png,yes,
bottom-ticker.tsx,bottom-ticker.tsx,.tsx,yes,
browser-verify.css,browser-verify.css,.css,yes,
bun.lock,bun.lock,.lock,yes,
bun.lockb,bun.lockb,.lockb,yes,
changelog_merge_report_20260404.md,changelog_merge_report_20260404.md,.md,yes,
chart-card.tsx,chart-card.tsx,.tsx,yes,
collector.py,collector.py,.py,yes,
compare-panel.tsx,compare-panel.tsx,.tsx,yes,
components.json,components.json,.json,yes,
dashboard-provider.tsx,dashboard-provider.tsx,.tsx,yes,
dashboard_merge_report.md,dashboard_merge_report.md,.md,yes,
alerts.log.json,data/alerts.log.json,.json,yes,
sf_001.json,data/history/sf_001.json,.json,yes,
sf_002.json,data/history/sf_002.json,.json,yes,
sf_003.json,data/history/sf_003.json,.json,yes,
sf_004.json,data/history/sf_004.json,.json,yes,
sf_005.json,data/history/sf_005.json,.json,yes,
sf_006.json,data/history/sf_006.json,.json,yes,
sf_007.json,data/history/sf_007.json,.json,yes,
sf_008.json,data/history/sf_008.json,.json,yes,
sf_009.json,data/history/sf_009.json,.json,yes,
sf_010.json,data/history/sf_010.json,.json,yes,
sf_011.json,data/history/sf_011.json,.json,yes,
sf_012.json,data/history/sf_012.json,.json,yes,
sf_013.json,data/history/sf_013.json,.json,yes,
sf_014.json,data/history/sf_014.json,.json,yes,
inquiries.json,data/inquiries.json,.json,yes,
listings.live.json,data/listings.live.json,.json,yes,
listings.seed.json,data/listings.seed.json,.json,yes,
data.json,data.json,.json,yes,
export-snapshot-button.tsx,export-snapshot-button.tsx,.tsx,yes,
filter-rail.tsx,filter-rail.tsx,.tsx,yes,
app.js,frontend/app.js,.js,yes,
base.css,frontend/base.css,.css,yes,
bot.js,frontend/bot.js,.js,yes,
data.json,frontend/data.json,.json,yes,
enhancements.css,frontend/enhancements.css,.css,yes,
interior-living.jpg,frontend/img/interior-living.jpg,.jpg,yes,
interior-luxury.jpg,frontend/img/interior-luxury.jpg,.jpg,yes,
interior.jpg,frontend/img/interior.jpg,.jpg,yes,
paradox-aerial.jpg,frontend/img/paradox-aerial.jpg,.jpg,yes,
paradox-listing-1.jpg,frontend/img/paradox-listing-1.jpg,.jpg,yes,
paradox-listing-2.jpg,frontend/img/paradox-listing-2.jpg,.jpg,yes,
paradox.jpg,frontend/img/paradox.jpg,.jpg,yes,
peninsula-listing-1.jpg,frontend/img/peninsula-listing-1.jpg,.jpg,yes,
peninsula-listing-2.jpg,frontend/img/peninsula-listing-2.jpg,.jpg,yes,
peninsula-listing-3.jpg,frontend/img/peninsula-listing-3.jpg,.jpg,yes,
peninsula.jpg,frontend/img/peninsula.jpg,.jpg,yes,
santafe-aerial.jpg,frontend/img/santafe-aerial.jpg,.jpg,yes,
santafe-night.jpg,frontend/img/santafe-night.jpg,.jpg,yes,
sf-bot-avatar.jpg,frontend/img/sf-bot-avatar.jpg,.jpg,yes,
torre300-listing-1.jpg,frontend/img/torre300-listing-1.jpg,.jpg,yes,
torre300-listing-2.jpg,frontend/img/torre300-listing-2.jpg,.jpg,yes,
torre300-listing-3.jpg,frontend/img/torre300-listing-3.jpg,.jpg,yes,
torre300.jpg,frontend/img/torre300.jpg,.jpg,yes,
index.html,frontend/index.html,.html,yes,
map.css,frontend/map.css,.css,yes,
overrides.css,frontend/overrides.css,.css,yes,
polish.css,frontend/polish.css,.css,yes,
rebuild.js,frontend/rebuild.js,.js,yes,
style.css,frontend/style.css,.css,yes,
tracking.css,frontend/tracking.css,.css,yes,
globals.css,globals.css,.css,yes,
guided-modal.tsx,guided-modal.tsx,.tsx,yes,
hero-panel.tsx,hero-panel.tsx,.tsx,yes,
index-BmNOEwqz.js,index-BmNOEwqz.js,.js,yes,
index-x44vNSRp.css,index-x44vNSRp.css,.css,yes,
index.html,index.html,.html,yes,
index.ts,index.ts,.ts,yes,
inline-edit-crop.png,inline-edit-crop.png,.png,yes,
inline-edit-screenshot.png,inline-edit-screenshot.png,.png,yes,
intelligence-rail.tsx,intelligence-rail.tsx,.tsx,yes,
intelligence.py,intelligence.py,.py,yes,
interior-living.jpg,interior-living.jpg,.jpg,yes,
interior-luxury.jpg,interior-luxury.jpg,.jpg,yes,
interior.jpg,interior.jpg,.jpg,yes,
interior.svg,interior.svg,.svg,yes,
kpi-strip.tsx,kpi-strip.tsx,.tsx,yes,
layout.tsx,layout.tsx,.tsx,yes,
leverage.css,leverage.css,.css,yes,
listing-urls.txt,listing-urls.txt,.txt,yes,
listing_image_map.json,listing_image_map.json,.json,yes,
listings-panel.tsx,listings-panel.tsx,.tsx,yes,
listings.live.json,listings.live.json,.json,yes,
map-after-v1.png,map-after-v1.png,.png,yes,
map-after-v1b.png,map-after-v1b.png,.png,yes,
map-before.png,map-before.png,.png,yes,
map-chips-fixed.png,map-chips-fixed.png,.png,yes,
map-chips-zoom.png,map-chips-zoom.png,.png,yes,
map-chips.png,map-chips.png,.png,yes,
map-crop.png,map-crop.png,.png,yes,
map-final.png,map-final.png,.png,yes,
map-full-viewport.png,map-full-viewport.png,.png,yes,
map-popup-final.png,map-popup-final.png,.png,yes,
map-popup-test.png,map-popup-test.png,.png,yes,
map-topbar.png,map-topbar.png,.png,yes,
map-tower-popup.png,map-tower-popup.png,.png,yes,
map-zoom-out.png,map-zoom-out.png,.png,yes,
map-zoomed-in.png,map-zoomed-in.png,.png,yes,
map.css,map.css,.css,yes,
merge-report-bot-py-20260405.md,merge-report-bot-py-20260405.md,.md,yes,
mode-switch.tsx,mode-switch.tsx,.tsx,yes,
negotiation-panel.tsx,negotiation-panel.tsx,.tsx,yes,
next-env.d.ts,next-env.d.ts,.ts,yes,
next.config.ts,next.config.ts,.ts,yes,
operator.css,operator.css,.css,yes,
operator_engine.py,operator_engine.py,.py,yes,
package-lock.json,package-lock.json,.json,yes,
package.json,package.json,.json,yes,
page.tsx,page.tsx,.tsx,yes,
paradox-aerial.jpg,paradox-aerial.jpg,.jpg,yes,
paradox-aerial.svg,paradox-aerial.svg,.svg,yes,
paradox.jpg,paradox.jpg,.jpg,yes,
paradox.svg,paradox.svg,.svg,yes,
paste.txt,paste.txt,.txt,yes,
peninsula.jpg,peninsula.jpg,.jpg,yes,
peninsula.svg,peninsula.svg,.svg,yes,
platform.css,platform.css,.css,yes,
playwright-fixture.ts,playwright-fixture.ts,.ts,yes,
playwright.config.ts,playwright.config.ts,.ts,yes,
price_history.py,price_history.py,.py,yes,
qa-dark-cards.png,qa-dark-cards.png,.png,yes,
qa-dark-kpi.png,qa-dark-kpi.png,.png,yes,
qa-dark-listings.png,qa-dark-listings.png,.png,yes,
qa-dark-overview.png,qa-dark-overview.png,.png,yes,
qa-desktop-final.jpg,qa-desktop-final.jpg,.jpg,yes,
qa-desktop-fixed.jpg,qa-desktop-fixed.jpg,.jpg,yes,
qa-desktop.jpg,qa-desktop.jpg,.jpg,yes,
qa-light-building-cards.png,qa-light-building-cards.png,.png,yes,
qa-light-cards.png,qa-light-cards.png,.png,yes,
qa-light-kpi.png,qa-light-kpi.png,.png,yes,
qa-light-listings.png,qa-light-listings.png,.png,yes,
qa-light-overview.png,qa-light-overview.png,.png,yes,
qa-mobile-final-fresh.jpg,qa-mobile-final-fresh.jpg,.jpg,yes,
qa-mobile-final.jpg,qa-mobile-final.jpg,.jpg,yes,
qa-mobile-fixed.jpg,qa-mobile-fixed.jpg,.jpg,yes,
qa-track-eventlog.jpg,qa-track-eventlog.jpg,.jpg,yes,
qa-track-mobile.jpg,qa-track-mobile.jpg,.jpg,yes,
qa-track-overview.jpg,qa-track-overview.jpg,.jpg,yes,
qa-track-snapshots.jpg,qa-track-snapshots.jpg,.jpg,yes,
qa-track-tracking.jpg,qa-track-tracking.jpg,.jpg,yes,
qa-track-watchstate.jpg,qa-track-watchstate.jpg,.jpg,yes,
qa-upgrade-cards.png,qa-upgrade-cards.png,.png,yes,
qa-upgrade-detail-history.png,qa-upgrade-detail-history.png,.png,yes,
qa-upgrade-detail.png,qa-upgrade-detail.png,.png,yes,
qa-upgrade-map.png,qa-upgrade-map.png,.png,yes,
qa-upgrade-operator.png,qa-upgrade-operator.png,.png,yes,
qa-upgrade-overview.png,qa-upgrade-overview.png,.png,yes,
qa_agentes.png,qa_agentes.png,.png,yes,
qa_agents_v2.png,qa_agents_v2.png,.png,yes,
qa_comparar.png,qa_comparar.png,.png,yes,
qa_compare.png,qa_compare.png,.png,yes,
qa_dark.png,qa_dark.png,.png,yes,
qa_dashboard.png,qa_dashboard.png,.png,yes,
qa_dashboard_dark.png,qa_dashboard_dark.png,.png,yes,
qa_dashboard_light.png,qa_dashboard_light.png,.png,yes,
qa_dashboard_v2.png,qa_dashboard_v2.png,.png,yes,
qa_detail_band.png,qa_detail_band.png,.png,yes,
qa_detail_flags.png,qa_detail_flags.png,.png,yes,
qa_detail_header.png,qa_detail_header.png,.png,yes,
qa_detail_intel.png,qa_detail_intel.png,.png,yes,
qa_detail_top.png,qa_detail_top.png,.png,yes,
qa_final_cards.png,qa_final_cards.png,.png,yes,
qa_final_hero.png,qa_final_hero.png,.png,yes,
qa_final_operador.png,qa_final_operador.png,.png,yes,
qa_final_overview.png,qa_final_overview.png,.png,yes,
qa_header_actions.png,qa_header_actions.png,.png,yes,
qa_header_overview.png,qa_header_overview.png,.png,yes,
qa_hero_clean.png,qa_hero_clean.png,.png,yes,
qa_hero_desktop.png,qa_hero_desktop.png,.png,yes,
qa_hero_v2.png,qa_hero_v2.png,.png,yes,
qa_kpi_buildings.png,qa_kpi_buildings.png,.png,yes,
qa_light.png,qa_light.png,.png,yes,
qa_listings.png,qa_listings.png,.png,yes,
qa_map_popup.png,qa_map_popup.png,.png,yes,
qa_map_v2.png,qa_map_v2.png,.png,yes,
qa_map_view.png,qa_map_view.png,.png,yes,
qa_mapa.png,qa_mapa.png,.png,yes,
qa_operador.png,qa_operador.png,.png,yes,
qa_operator.png,qa_operator.png,.png,yes,
qa_overview.png,qa_overview.png,.png,yes,
qa_overview_full.png,qa_overview_full.png,.png,yes,
qa_scroll1_desktop.png,qa_scroll1_desktop.png,.png,yes,
qa_tracking_view.png,qa_tracking_view.png,.png,yes,
route.ts,route.ts,.ts,yes,
santa_fe_enhancements_report.md,santa_fe_enhancements_report.md,.md,yes,
santafe-aerial.jpg,santafe-aerial.jpg,.jpg,yes,
santafe-night.jpg,santafe-night.jpg,.jpg,yes,
scoring_engine_v2.py,scoring_engine_v2.py,.py,yes,
scraper.py,scraper.py,.py,yes,
01-overview.png,screenshots/01-overview.png,.png,yes,
02-detail-top.png,screenshots/02-detail-top.png,.png,yes,
03-detail-bottom.png,screenshots/03-detail-bottom.png,.png,yes,
04-detail-tactics.png,screenshots/04-detail-tactics.png,.png,yes,
05-dark-overview.png,screenshots/05-dark-overview.png,.png,yes,
06-dark-detail.png,screenshots/06-dark-detail.png,.png,yes,
07-compare.png,screenshots/07-compare.png,.png,yes,
08-compare-chart.png,screenshots/08-compare-chart.png,.png,yes,
09-compare-chart2.png,screenshots/09-compare-chart2.png,.png,yes,
10-agents.png,screenshots/10-agents.png,.png,yes,
11-mobile-overview.png,screenshots/11-mobile-overview.png,.png,yes,
12-mobile-listings.png,screenshots/12-mobile-listings.png,.png,yes,
13-mobile-detail-top.png,screenshots/13-mobile-detail-top.png,.png,yes,
14-mobile-detail-intel.png,screenshots/14-mobile-detail-intel.png,.png,yes,
selective_merge_report.md,selective_merge_report.md,.md,yes,
selective_merge_report_20260404.md,selective_merge_report_20260404.md,.md,yes,
server.log,server.log,.log,yes,
server.py,server.py,.py,yes,
sf-bot-avatar.jpg,sf-bot-avatar.jpg,.jpg,yes,
signal-feed.tsx,signal-feed.tsx,.tsx,yes,
SKILL.md,skills/user/real-estate-image-downloader/SKILL.md,.md,yes,
SKILL.md,skills/user/thread-file-downloader/SKILL.md,.md,yes,
start.sh,start.sh,.sh,yes,
state.json,state.json,.json,yes,
style.css,style.css,.css,yes,
styles.css,styles.css,.css,yes,
tailwind.config.ts,tailwind.config.ts,.ts,yes,
input_mnl9gdh2.json,tool_calls/computer/input_mnl9gdh2.json,.json,yes,
input_mnl9gdpk.json,tool_calls/computer/input_mnl9gdpk.json,.json,yes,
input_mnl9gdzf.json,tool_calls/computer/input_mnl9gdzf.json,.json,yes,
input_mnl9ge64.json,tool_calls/computer/input_mnl9ge64.json,.json,yes,
input_mnl9ge9f.json,tool_calls/computer/input_mnl9ge9f.json,.json,yes,
input_mnl9ghjf.json,tool_calls/computer/input_mnl9ghjf.json,.json,yes,
input_mnl9ghm6.json,tool_calls/computer/input_mnl9ghm6.json,.json,yes,
input_mnl9gk2y.json,tool_calls/computer/input_mnl9gk2y.json,.json,yes,
input_mnl9gkwq.json,tool_calls/computer/input_mnl9gkwq.json,.json,yes,
input_mnl9gl1x.json,tool_calls/computer/input_mnl9gl1x.json,.json,yes,
input_mnl9gl8w.json,tool_calls/computer/input_mnl9gl8w.json,.json,yes,
input_mnl9glel.json,tool_calls/computer/input_mnl9glel.json,.json,yes,
input_mnl9gmpc.json,tool_calls/computer/input_mnl9gmpc.json,.json,yes,
input_mnl9gqu3.json,tool_calls/computer/input_mnl9gqu3.json,.json,yes,
input_mnl9gtyr.json,tool_calls/computer/input_mnl9gtyr.json,.json,yes,
input_mnl9gymr.json,tool_calls/computer/input_mnl9gymr.json,.json,yes,
input_mnl9h0fz.json,tool_calls/computer/input_mnl9h0fz.json,.json,yes,
input_mnl9h1os.json,tool_calls/computer/input_mnl9h1os.json,.json,yes,
input_mnl9h334.json,tool_calls/computer/input_mnl9h334.json,.json,yes,
input_mnl9h5fk.json,tool_calls/computer/input_mnl9h5fk.json,.json,yes,
input_mnl9h6qv.json,tool_calls/computer/input_mnl9h6qv.json,.json,yes,
input_mnl9haae.json,tool_calls/computer/input_mnl9haae.json,.json,yes,
input_mnl9hb9b.json,tool_calls/computer/input_mnl9hb9b.json,.json,yes,
input_mnl9hbth.json,tool_calls/computer/input_mnl9hbth.json,.json,yes,
input_mnl9hfaw.json,tool_calls/computer/input_mnl9hfaw.json,.json,yes,
input_mnl9hgvw.json,tool_calls/computer/input_mnl9hgvw.json,.json,yes,
input_mnl9hi9o.json,tool_calls/computer/input_mnl9hi9o.json,.json,yes,
input_mnl9hk8u.json,tool_calls/computer/input_mnl9hk8u.json,.json,yes,
input_mnl9hlsc.json,tool_calls/computer/input_mnl9hlsc.json,.json,yes,
input_mnl9hmp9.json,tool_calls/computer/input_mnl9hmp9.json,.json,yes,
input_mnl9hmtr.json,tool_calls/computer/input_mnl9hmtr.json,.json,yes,
input_mnl9hqlk.json,tool_calls/computer/input_mnl9hqlk.json,.json,yes,
input_mnl9hvv4.json,tool_calls/computer/input_mnl9hvv4.json,.json,yes,
input_mnl9hyg9.json,tool_calls/computer/input_mnl9hyg9.json,.json,yes,
input_mnl9hys1.json,tool_calls/computer/input_mnl9hys1.json,.json,yes,
input_mnl9i20b.json,tool_calls/computer/input_mnl9i20b.json,.json,yes,
input_mnl9i32b.json,tool_calls/computer/input_mnl9i32b.json,.json,yes,
input_mnl9i4kq.json,tool_calls/computer/input_mnl9i4kq.json,.json,yes,
input_mnl9i7m9.json,tool_calls/computer/input_mnl9i7m9.json,.json,yes,
input_mnl9ia3x.json,tool_calls/computer/input_mnl9ia3x.json,.json,yes,
input_mnl9ia93.json,tool_calls/computer/input_mnl9ia93.json,.json,yes,
input_mnl9idlq.json,tool_calls/computer/input_mnl9idlq.json,.json,yes,
input_mnl9ieiu.json,tool_calls/computer/input_mnl9ieiu.json,.json,yes,
input_mnl9ig07.json,tool_calls/computer/input_mnl9ig07.json,.json,yes,
input_mnl9igb2.json,tool_calls/computer/input_mnl9igb2.json,.json,yes,
input_mnl9igrx.json,tool_calls/computer/input_mnl9igrx.json,.json,yes,
input_mnl9ih7u.json,tool_calls/computer/input_mnl9ih7u.json,.json,yes,
input_mnl9ijpj.json,tool_calls/computer/input_mnl9ijpj.json,.json,yes,
input_mnl9ijxd.json,tool_calls/computer/input_mnl9ijxd.json,.json,yes,
input_mnl9ikqi.json,tool_calls/computer/input_mnl9ikqi.json,.json,yes,
input_mnl9immg.json,tool_calls/computer/input_mnl9immg.json,.json,yes,
input_mnl9iplt.json,tool_calls/computer/input_mnl9iplt.json,.json,yes,
input_mnl9ipza.json,tool_calls/computer/input_mnl9ipza.json,.json,yes,
input_mnl9is6g.json,tool_calls/computer/input_mnl9is6g.json,.json,yes,
input_mnl9iudr.json,tool_calls/computer/input_mnl9iudr.json,.json,yes,
input_mnl9iw1o.json,tool_calls/computer/input_mnl9iw1o.json,.json,yes,
input_mnl9ixbi.json,tool_calls/computer/input_mnl9ixbi.json,.json,yes,
input_mnl9izbg.json,tool_calls/computer/input_mnl9izbg.json,.json,yes,
input_mnl9j10c.json,tool_calls/computer/input_mnl9j10c.json,.json,yes,
input_mnl9j2x0.json,tool_calls/computer/input_mnl9j2x0.json,.json,yes,
input_mnl9j46a.json,tool_calls/computer/input_mnl9j46a.json,.json,yes,
input_mnl9j5ra.json,tool_calls/computer/input_mnl9j5ra.json,.json,yes,
input_mnl9j988.json,tool_calls/computer/input_mnl9j988.json,.json,yes,
input_mnl9jbmn.json,tool_calls/computer/input_mnl9jbmn.json,.json,yes,
input_mnl9jdy2.json,tool_calls/computer/input_mnl9jdy2.json,.json,yes,
input_mnl9je78.json,tool_calls/computer/input_mnl9je78.json,.json,yes,
input_mnl9jegx.json,tool_calls/computer/input_mnl9jegx.json,.json,yes,
input_mnl9jgae.json,tool_calls/computer/input_mnl9jgae.json,.json,yes,
input_mnl9jnst.json,tool_calls/computer/input_mnl9jnst.json,.json,yes,
input_mnl9joj7.json,tool_calls/computer/input_mnl9joj7.json,.json,yes,
input_mnl9ju3h.json,tool_calls/computer/input_mnl9ju3h.json,.json,yes,
input_mnl9juyc.json,tool_calls/computer/input_mnl9juyc.json,.json,yes,
input_mnl9jxlx.json,tool_calls/computer/input_mnl9jxlx.json,.json,yes,
input_mnl9jyrs.json,tool_calls/computer/input_mnl9jyrs.json,.json,yes,
input_mnl9jzjv.json,tool_calls/computer/input_mnl9jzjv.json,.json,yes,
input_mnl9jzuo.json,tool_calls/computer/input_mnl9jzuo.json,.json,yes,
input_mnl9k04f.json,tool_calls/computer/input_mnl9k04f.json,.json,yes,
input_mnl9k1y0.json,tool_calls/computer/input_mnl9k1y0.json,.json,yes,
input_mnl9k33h.json,tool_calls/computer/input_mnl9k33h.json,.json,yes,
input_mnl9k5qf.json,tool_calls/computer/input_mnl9k5qf.json,.json,yes,
input_mnl9k71m.json,tool_calls/computer/input_mnl9k71m.json,.json,yes,
input_mnl9k7o6.json,tool_calls/computer/input_mnl9k7o6.json,.json,yes,
input_mnl9k8iy.json,tool_calls/computer/input_mnl9k8iy.json,.json,yes,
input_mnl9kbid.json,tool_calls/computer/input_mnl9kbid.json,.json,yes,
input_mnl9kfok.json,tool_calls/computer/input_mnl9kfok.json,.json,yes,
input_mnl9kh6p.json,tool_calls/computer/input_mnl9kh6p.json,.json,yes,
input_mnl9kiix.json,tool_calls/computer/input_mnl9kiix.json,.json,yes,
input_mnl9kmy6.json,tool_calls/computer/input_mnl9kmy6.json,.json,yes,
input_mnl9kt2u.json,tool_calls/computer/input_mnl9kt2u.json,.json,yes,
input_mnl9ktud.json,tool_calls/computer/input_mnl9ktud.json,.json,yes,
input_mnl9kvyj.json,tool_calls/computer/input_mnl9kvyj.json,.json,yes,
input_mnl9kw24.json,tool_calls/computer/input_mnl9kw24.json,.json,yes,
input_mnl9kwq2.json,tool_calls/computer/input_mnl9kwq2.json,.json,yes,
input_mnl9kzd2.json,tool_calls/computer/input_mnl9kzd2.json,.json,yes,
input_mnl9l6m1.json,tool_calls/computer/input_mnl9l6m1.json,.json,yes,
input_mnl9labv.json,tool_calls/computer/input_mnl9labv.json,.json,yes,
input_mnl9lj5k.json,tool_calls/computer/input_mnl9lj5k.json,.json,yes,
input_mnl9lkv1.json,tool_calls/computer/input_mnl9lkv1.json,.json,yes,
input_mnl9lofg.json,tool_calls/computer/input_mnl9lofg.json,.json,yes,
input_mnl9lrpc.json,tool_calls/computer/input_mnl9lrpc.json,.json,yes,
input_mnl9lu66.json,tool_calls/computer/input_mnl9lu66.json,.json,yes,
input_mnl9lzfb.json,tool_calls/computer/input_mnl9lzfb.json,.json,yes,
input_mnl9m1fr.json,tool_calls/computer/input_mnl9m1fr.json,.json,yes,
input_mnl9m703.json,tool_calls/computer/input_mnl9m703.json,.json,yes,
input_mnl9mi7g.json,tool_calls/computer/input_mnl9mi7g.json,.json,yes,
input_mnl9ms53.json,tool_calls/computer/input_mnl9ms53.json,.json,yes,
input_mnl9n011.json,tool_calls/computer/input_mnl9n011.json,.json,yes,
input_mnl9ne1d.json,tool_calls/computer/input_mnl9ne1d.json,.json,yes,
input_mnl9nkds.json,tool_calls/computer/input_mnl9nkds.json,.json,yes,
input_mnl9nq3r.json,tool_calls/computer/input_mnl9nq3r.json,.json,yes,
input_mnl9nvov.json,tool_calls/computer/input_mnl9nvov.json,.json,yes,
output_mnl9gdh2.json,tool_calls/computer/output_mnl9gdh2.json,.json,yes,
output_mnl9gdpk.json,tool_calls/computer/output_mnl9gdpk.json,.json,yes,
output_mnl9gdzf.json,tool_calls/computer/output_mnl9gdzf.json,.json,yes,
output_mnl9ge64.json,tool_calls/computer/output_mnl9ge64.json,.json,yes,
output_mnl9ge9f.json,tool_calls/computer/output_mnl9ge9f.json,.json,yes,
output_mnl9ghjf.json,tool_calls/computer/output_mnl9ghjf.json,.json,yes,
output_mnl9ghm6.json,tool_calls/computer/output_mnl9ghm6.json,.json,yes,
output_mnl9gk2y.json,tool_calls/computer/output_mnl9gk2y.json,.json,yes,
output_mnl9gkwq.json,tool_calls/computer/output_mnl9gkwq.json,.json,yes,
output_mnl9gl1x.json,tool_calls/computer/output_mnl9gl1x.json,.json,yes,
output_mnl9gl8w.json,tool_calls/computer/output_mnl9gl8w.json,.json,yes,
output_mnl9glel.json,tool_calls/computer/output_mnl9glel.json,.json,yes,
output_mnl9gmpc.json,tool_calls/computer/output_mnl9gmpc.json,.json,yes,
output_mnl9gqu3.json,tool_calls/computer/output_mnl9gqu3.json,.json,yes,
output_mnl9gtyr.json,tool_calls/computer/output_mnl9gtyr.json,.json,yes,
output_mnl9gymr.json,tool_calls/computer/output_mnl9gymr.json,.json,yes,
output_mnl9h0fz.json,tool_calls/computer/output_mnl9h0fz.json,.json,yes,
output_mnl9h1os.json,tool_calls/computer/output_mnl9h1os.json,.json,yes,
output_mnl9h334.json,tool_calls/computer/output_mnl9h334.json,.json,yes,
output_mnl9h5fk.json,tool_calls/computer/output_mnl9h5fk.json,.json,yes,
output_mnl9h6qv.json,tool_calls/computer/output_mnl9h6qv.json,.json,yes,
output_mnl9haae.json,tool_calls/computer/output_mnl9haae.json,.json,yes,
output_mnl9hb9b.json,tool_calls/computer/output_mnl9hb9b.json,.json,yes,
output_mnl9hbth.json,tool_calls/computer/output_mnl9hbth.json,.json,yes,
output_mnl9hfaw.json,tool_calls/computer/output_mnl9hfaw.json,.json,yes,
output_mnl9hgvw.json,tool_calls/computer/output_mnl9hgvw.json,.json,yes,
output_mnl9hi9o.json,tool_calls/computer/output_mnl9hi9o.json,.json,yes,
output_mnl9hk8u.json,tool_calls/computer/output_mnl9hk8u.json,.json,yes,
output_mnl9hlsc.json,tool_calls/computer/output_mnl9hlsc.json,.json,yes,
output_mnl9hmp9.json,tool_calls/computer/output_mnl9hmp9.json,.json,yes,
output_mnl9hmtr.json,tool_calls/computer/output_mnl9hmtr.json,.json,yes,
output_mnl9hqlk.json,tool_calls/computer/output_mnl9hqlk.json,.json,yes,
output_mnl9hvv4.json,tool_calls/computer/output_mnl9hvv4.json,.json,yes,
output_mnl9hyg9.json,tool_calls/computer/output_mnl9hyg9.json,.json,yes,
output_mnl9hys1.json,tool_calls/computer/output_mnl9hys1.json,.json,yes,
output_mnl9i20b.json,tool_calls/computer/output_mnl9i20b.json,.json,yes,
output_mnl9i32b.json,tool_calls/computer/output_mnl9i32b.json,.json,yes,
output_mnl9i4kq.json,tool_calls/computer/output_mnl9i4kq.json,.json,yes,
output_mnl9i7m9.json,tool_calls/computer/output_mnl9i7m9.json,.json,yes,
output_mnl9ia3x.json,tool_calls/computer/output_mnl9ia3x.json,.json,yes,
output_mnl9ia93.json,tool_calls/computer/output_mnl9ia93.json,.json,yes,
output_mnl9idlq.json,tool_calls/computer/output_mnl9idlq.json,.json,yes,
output_mnl9ieiu.json,tool_calls/computer/output_mnl9ieiu.json,.json,yes,
output_mnl9ig07.json,tool_calls/computer/output_mnl9ig07.json,.json,yes,
output_mnl9igb2.json,tool_calls/computer/output_mnl9igb2.json,.json,yes,
output_mnl9igrx.json,tool_calls/computer/output_mnl9igrx.json,.json,yes,
output_mnl9ih7u.json,tool_calls/computer/output_mnl9ih7u.json,.json,yes,
output_mnl9ijpj.json,tool_calls/computer/output_mnl9ijpj.json,.json,yes,
output_mnl9ijxd.json,tool_calls/computer/output_mnl9ijxd.json,.json,yes,
output_mnl9ikqi.json,tool_calls/computer/output_mnl9ikqi.json,.json,yes,
output_mnl9immg.json,tool_calls/computer/output_mnl9immg.json,.json,yes,
output_mnl9iplt.json,tool_calls/computer/output_mnl9iplt.json,.json,yes,
output_mnl9ipza.json,tool_calls/computer/output_mnl9ipza.json,.json,yes,
output_mnl9is6g.json,tool_calls/computer/output_mnl9is6g.json,.json,yes,
output_mnl9iudr.json,tool_calls/computer/output_mnl9iudr.json,.json,yes,
output_mnl9iw1o.json,tool_calls/computer/output_mnl9iw1o.json,.json,yes,
output_mnl9ixbi.json,tool_calls/computer/output_mnl9ixbi.json,.json,yes,
output_mnl9izbg.json,tool_calls/computer/output_mnl9izbg.json,.json,yes,
output_mnl9j10c.json,tool_calls/computer/output_mnl9j10c.json,.json,yes,
output_mnl9j2x0.json,tool_calls/computer/output_mnl9j2x0.json,.json,yes,
output_mnl9j46a.json,tool_calls/computer/output_mnl9j46a.json,.json,yes,
output_mnl9j5ra.json,tool_calls/computer/output_mnl9j5ra.json,.json,yes,
output_mnl9j988.json,tool_calls/computer/output_mnl9j988.json,.json,yes,
output_mnl9jbmn.json,tool_calls/computer/output_mnl9jbmn.json,.json,yes,
output_mnl9jdy2.json,tool_calls/computer/output_mnl9jdy2.json,.json,yes,
output_mnl9je78.json,tool_calls/computer/output_mnl9je78.json,.json,yes,
output_mnl9jegx.json,tool_calls/computer/output_mnl9jegx.json,.json,yes,
output_mnl9jgae.json,tool_calls/computer/output_mnl9jgae.json,.json,yes,
output_mnl9jnst.json,tool_calls/computer/output_mnl9jnst.json,.json,yes,
output_mnl9joj7.json,tool_calls/computer/output_mnl9joj7.json,.json,yes,
output_mnl9ju3h.json,tool_calls/computer/output_mnl9ju3h.json,.json,yes,
output_mnl9juyc.json,tool_calls/computer/output_mnl9juyc.json,.json,yes,
output_mnl9jxlx.json,tool_calls/computer/output_mnl9jxlx.json,.json,yes,
output_mnl9jyrs.json,tool_calls/computer/output_mnl9jyrs.json,.json,yes,
output_mnl9jzjv.json,tool_calls/computer/output_mnl9jzjv.json,.json,yes,
output_mnl9jzuo.json,tool_calls/computer/output_mnl9jzuo.json,.json,yes,
output_mnl9k04f.json,tool_calls/computer/output_mnl9k04f.json,.json,yes,
output_mnl9k1y0.json,tool_calls/computer/output_mnl9k1y0.json,.json,yes,
output_mnl9k33h.json,tool_calls/computer/output_mnl9k33h.json,.json,yes,
output_mnl9k5qf.json,tool_calls/computer/output_mnl9k5qf.json,.json,yes,
output_mnl9k71m.json,tool_calls/computer/output_mnl9k71m.json,.json,yes,
output_mnl9k7o6.json,tool_calls/computer/output_mnl9k7o6.json,.json,yes,
output_mnl9k8iy.json,tool_calls/computer/output_mnl9k8iy.json,.json,yes,
output_mnl9kbid.json,tool_calls/computer/output_mnl9kbid.json,.json,yes,
output_mnl9kfok.json,tool_calls/computer/output_mnl9kfok.json,.json,yes,
output_mnl9kh6p.json,tool_calls/computer/output_mnl9kh6p.json,.json,yes,
output_mnl9kiix.json,tool_calls/computer/output_mnl9kiix.json,.json,yes,
output_mnl9kmy6.json,tool_calls/computer/output_mnl9kmy6.json,.json,yes,
output_mnl9kt2u.json,tool_calls/computer/output_mnl9kt2u.json,.json,yes,
output_mnl9ktud.json,tool_calls/computer/output_mnl9ktud.json,.json,yes,
output_mnl9kvyj.json,tool_calls/computer/output_mnl9kvyj.json,.json,yes,
output_mnl9kw24.json,tool_calls/computer/output_mnl9kw24.json,.json,yes,
output_mnl9kwq2.json,tool_calls/computer/output_mnl9kwq2.json,.json,yes,
output_mnl9kzd2.json,tool_calls/computer/output_mnl9kzd2.json,.json,yes,
output_mnl9l6m1.json,tool_calls/computer/output_mnl9l6m1.json,.json,yes,
output_mnl9labv.json,tool_calls/computer/output_mnl9labv.json,.json,yes,
output_mnl9lj5k.json,tool_calls/computer/output_mnl9lj5k.json,.json,yes,
output_mnl9lkv1.json,tool_calls/computer/output_mnl9lkv1.json,.json,yes,
output_mnl9lofg.json,tool_calls/computer/output_mnl9lofg.json,.json,yes,
output_mnl9lrpc.json,tool_calls/computer/output_mnl9lrpc.json,.json,yes,
output_mnl9lu66.json,tool_calls/computer/output_mnl9lu66.json,.json,yes,
output_mnl9lzfb.json,tool_calls/computer/output_mnl9lzfb.json,.json,yes,
output_mnl9m1fr.json,tool_calls/computer/output_mnl9m1fr.json,.json,yes,
output_mnl9m703.json,tool_calls/computer/output_mnl9m703.json,.json,yes,
output_mnl9mi7g.json,tool_calls/computer/output_mnl9mi7g.json,.json,yes,
output_mnl9ms53.json,tool_calls/computer/output_mnl9ms53.json,.json,yes,
output_mnl9n011.json,tool_calls/computer/output_mnl9n011.json,.json,yes,
output_mnl9ne1d.json,tool_calls/computer/output_mnl9ne1d.json,.json,yes,
output_mnl9nkds.json,tool_calls/computer/output_mnl9nkds.json,.json,yes,
output_mnl9nq3r.json,tool_calls/computer/output_mnl9nq3r.json,.json,yes,
output_mnl9nvov.json,tool_calls/computer/output_mnl9nvov.json,.json,yes,
input_mnjwle2y.json,tool_calls/deploy_website/input_mnjwle2y.json,.json,yes,
input_mnjxf2ll.json,tool_calls/deploy_website/input_mnjxf2ll.json,.json,yes,
input_mnjxg250.json,tool_calls/deploy_website/input_mnjxg250.json,.json,yes,
input_mnjxngl8.json,tool_calls/deploy_website/input_mnjxngl8.json,.json,yes,
input_mnjy2j64.json,tool_calls/deploy_website/input_mnjy2j64.json,.json,yes,
input_mnjyc9ak.json,tool_calls/deploy_website/input_mnjyc9ak.json,.json,yes,
input_mnjythod.json,tool_calls/deploy_website/input_mnjythod.json,.json,yes,
input_mnjzmy5z.json,tool_calls/deploy_website/input_mnjzmy5z.json,.json,yes,
input_mnjzw4gp.json,tool_calls/deploy_website/input_mnjzw4gp.json,.json,yes,
input_mnk06o7p.json,tool_calls/deploy_website/input_mnk06o7p.json,.json,yes,
input_mnk07fng.json,tool_calls/deploy_website/input_mnk07fng.json,.json,yes,
input_mnk0k2mj.json,tool_calls/deploy_website/input_mnk0k2mj.json,.json,yes,
input_mnk0sivk.json,tool_calls/deploy_website/input_mnk0sivk.json,.json,yes,
input_mnkuhs0x.json,tool_calls/deploy_website/input_mnkuhs0x.json,.json,yes,
input_mnkv2el9.json,tool_calls/deploy_website/input_mnkv2el9.json,.json,yes,
input_mnkve77y.json,tool_calls/deploy_website/input_mnkve77y.json,.json,yes,
input_mnkvtmwb.json,tool_calls/deploy_website/input_mnkvtmwb.json,.json,yes,
input_mnkwbdzg.json,tool_calls/deploy_website/input_mnkwbdzg.json,.json,yes,
input_mnkwco0r.json,tool_calls/deploy_website/input_mnkwco0r.json,.json,yes,
input_mnkwk92z.json,tool_calls/deploy_website/input_mnkwk92z.json,.json,yes,
input_mnkwlr7a.json,tool_calls/deploy_website/input_mnkwlr7a.json,.json,yes,
input_mnkwz9ak.json,tool_calls/deploy_website/input_mnkwz9ak.json,.json,yes,
input_mnkxgitw.json,tool_calls/deploy_website/input_mnkxgitw.json,.json,yes,
input_mnkxkppn.json,tool_calls/deploy_website/input_mnkxkppn.json,.json,yes,
input_mnkycewk.json,tool_calls/deploy_website/input_mnkycewk.json,.json,yes,
input_mnkyqqa0.json,tool_calls/deploy_website/input_mnkyqqa0.json,.json,yes,
input_mnkyw4yz.json,tool_calls/deploy_website/input_mnkyw4yz.json,.json,yes,
input_mnkz7j7z.json,tool_calls/deploy_website/input_mnkz7j7z.json,.json,yes,
input_mnkz90p8.json,tool_calls/deploy_website/input_mnkz90p8.json,.json,yes,
input_mnkzdert.json,tool_calls/deploy_website/input_mnkzdert.json,.json,yes,
input_mnkzg9px.json,tool_calls/deploy_website/input_mnkzg9px.json,.json,yes,
input_mnl783az.json,tool_calls/deploy_website/input_mnl783az.json,.json,yes,
input_mnl83imn.json,tool_calls/deploy_website/input_mnl83imn.json,.json,yes,
input_mnl866km.json,tool_calls/deploy_website/input_mnl866km.json,.json,yes,
input_mnl8qhij.json,tool_calls/deploy_website/input_mnl8qhij.json,.json,yes,
input_mnl9d0cr.json,tool_calls/deploy_website/input_mnl9d0cr.json,.json,yes,
input_mnl9udn5.json,tool_calls/deploy_website/input_mnl9udn5.json,.json,yes,
input_mnlam39d.json,tool_calls/deploy_website/input_mnlam39d.json,.json,yes,
input_mnlbb1s8.json,tool_calls/deploy_website/input_mnlbb1s8.json,.json,yes,
input_mnlcf0i0.json,tool_calls/deploy_website/input_mnlcf0i0.json,.json,yes,
input_mnld2ihd.json,tool_calls/deploy_website/input_mnld2ihd.json,.json,yes,
output_mnjwle2y.json,tool_calls/deploy_website/output_mnjwle2y.json,.json,yes,
output_mnjxf2ll.json,tool_calls/deploy_website/output_mnjxf2ll.json,.json,yes,
output_mnjxg250.json,tool_calls/deploy_website/output_mnjxg250.json,.json,yes,
output_mnjxngl8.json,tool_calls/deploy_website/output_mnjxngl8.json,.json,yes,
output_mnjy2j64.json,tool_calls/deploy_website/output_mnjy2j64.json,.json,yes,
output_mnjyc9ak.json,tool_calls/deploy_website/output_mnjyc9ak.json,.json,yes,
output_mnjythod.json,tool_calls/deploy_website/output_mnjythod.json,.json,yes,
output_mnjzmy5z.json,tool_calls/deploy_website/output_mnjzmy5z.json,.json,yes,
output_mnjzw4gp.json,tool_calls/deploy_website/output_mnjzw4gp.json,.json,yes,
output_mnk06o7p.json,tool_calls/deploy_website/output_mnk06o7p.json,.json,yes,
output_mnk07fng.json,tool_calls/deploy_website/output_mnk07fng.json,.json,yes,
output_mnk0k2mj.json,tool_calls/deploy_website/output_mnk0k2mj.json,.json,yes,
output_mnk0sivk.json,tool_calls/deploy_website/output_mnk0sivk.json,.json,yes,
output_mnkuhs0x.json,tool_calls/deploy_website/output_mnkuhs0x.json,.json,yes,
output_mnkv2el9.json,tool_calls/deploy_website/output_mnkv2el9.json,.json,yes,
output_mnkve77y.json,tool_calls/deploy_website/output_mnkve77y.json,.json,yes,
output_mnkvtmwb.json,tool_calls/deploy_website/output_mnkvtmwb.json,.json,yes,
output_mnkwbdzg.json,tool_calls/deploy_website/output_mnkwbdzg.json,.json,yes,
output_mnkwco0r.json,tool_calls/deploy_website/output_mnkwco0r.json,.json,yes,
output_mnkwk92z.json,tool_calls/deploy_website/output_mnkwk92z.json,.json,yes,
output_mnkwlr7a.json,tool_calls/deploy_website/output_mnkwlr7a.json,.json,yes,
output_mnkwz9ak.json,tool_calls/deploy_website/output_mnkwz9ak.json,.json,yes,
output_mnkxgitw.json,tool_calls/deploy_website/output_mnkxgitw.json,.json,yes,
output_mnkxkppn.json,tool_calls/deploy_website/output_mnkxkppn.json,.json,yes,
output_mnkycewk.json,tool_calls/deploy_website/output_mnkycewk.json,.json,yes,
output_mnkyqqa0.json,tool_calls/deploy_website/output_mnkyqqa0.json,.json,yes,
output_mnkyw4yz.json,tool_calls/deploy_website/output_mnkyw4yz.json,.json,yes,
output_mnkz7j7z.json,tool_calls/deploy_website/output_mnkz7j7z.json,.json,yes,
output_mnkz90p8.json,tool_calls/deploy_website/output_mnkz90p8.json,.json,yes,
output_mnkzdert.json,tool_calls/deploy_website/output_mnkzdert.json,.json,yes,
output_mnkzg9px.json,tool_calls/deploy_website/output_mnkzg9px.json,.json,yes,
output_mnl783az.json,tool_calls/deploy_website/output_mnl783az.json,.json,yes,
output_mnl83imn.json,tool_calls/deploy_website/output_mnl83imn.json,.json,yes,
output_mnl866km.json,tool_calls/deploy_website/output_mnl866km.json,.json,yes,
output_mnl8qhij.json,tool_calls/deploy_website/output_mnl8qhij.json,.json,yes,
output_mnl9d0cr.json,tool_calls/deploy_website/output_mnl9d0cr.json,.json,yes,
output_mnl9udn5.json,tool_calls/deploy_website/output_mnl9udn5.json,.json,yes,
output_mnlam39d.json,tool_calls/deploy_website/output_mnlam39d.json,.json,yes,
output_mnlbb1s8.json,tool_calls/deploy_website/output_mnlbb1s8.json,.json,yes,
output_mnlcf0i0.json,tool_calls/deploy_website/output_mnlcf0i0.json,.json,yes,
output_mnld2ihd.json,tool_calls/deploy_website/output_mnld2ihd.json,.json,yes,
input_mnjwo34a.json,tool_calls/grep/input_mnjwo34a.json,.json,yes,
input_mnkvg6si.json,tool_calls/grep/input_mnkvg6si.json,.json,yes,
input_mnl9pfm3.json,tool_calls/grep/input_mnl9pfm3.json,.json,yes,
output_mnjwo34a.json,tool_calls/grep/output_mnjwo34a.json,.json,yes,
output_mnkvg6si.json,tool_calls/grep/output_mnkvg6si.json,.json,yes,
output_mnl9pfm3.json,tool_calls/grep/output_mnl9pfm3.json,.json,yes,
input_mnjwcwsn.json,tool_calls/js_repl/input_mnjwcwsn.json,.json,yes,
input_mnjwd10z.json,tool_calls/js_repl/input_mnjwd10z.json,.json,yes,
input_mnjwd668.json,tool_calls/js_repl/input_mnjwd668.json,.json,yes,
input_mnjwdam4.json,tool_calls/js_repl/input_mnjwdam4.json,.json,yes,
input_mnkvpgvd.json,tool_calls/js_repl/input_mnkvpgvd.json,.json,yes,
input_mnkvpl3d.json,tool_calls/js_repl/input_mnkvpl3d.json,.json,yes,
input_mnkvpq6a.json,tool_calls/js_repl/input_mnkvpq6a.json,.json,yes,
input_mnkvpubd.json,tool_calls/js_repl/input_mnkvpubd.json,.json,yes,
input_mnkvq2c1.json,tool_calls/js_repl/input_mnkvq2c1.json,.json,yes,
input_mnkvq9sa.json,tool_calls/js_repl/input_mnkvq9sa.json,.json,yes,
input_mnkvqg02.json,tool_calls/js_repl/input_mnkvqg02.json,.json,yes,
input_mnkvqt7l.json,tool_calls/js_repl/input_mnkvqt7l.json,.json,yes,
input_mnkvr2bz.json,tool_calls/js_repl/input_mnkvr2bz.json,.json,yes,
input_mnkvsgxi.json,tool_calls/js_repl/input_mnkvsgxi.json,.json,yes,
input_mnkvsmfu.json,tool_calls/js_repl/input_mnkvsmfu.json,.json,yes,
input_mnkwxhri.json,tool_calls/js_repl/input_mnkwxhri.json,.json,yes,
input_mnkwxlyn.json,tool_calls/js_repl/input_mnkwxlyn.json,.json,yes,
input_mnkwxqmv.json,tool_calls/js_repl/input_mnkwxqmv.json,.json,yes,
input_mnkwxvd3.json,tool_calls/js_repl/input_mnkwxvd3.json,.json,yes,
input_mnkwy2pz.json,tool_calls/js_repl/input_mnkwy2pz.json,.json,yes,
input_mnkwy9vj.json,tool_calls/js_repl/input_mnkwy9vj.json,.json,yes,
input_mnkwyfcj.json,tool_calls/js_repl/input_mnkwyfcj.json,.json,yes,
input_mnkwykq1.json,tool_calls/js_repl/input_mnkwykq1.json,.json,yes,
input_mnkz0dyx.json,tool_calls/js_repl/input_mnkz0dyx.json,.json,yes,
input_mnkz0ier.json,tool_calls/js_repl/input_mnkz0ier.json,.json,yes,
input_mnkz0lqe.json,tool_calls/js_repl/input_mnkz0lqe.json,.json,yes,
input_mnkz40pk.json,tool_calls/js_repl/input_mnkz40pk.json,.json,yes,
input_mnkz4ieb.json,tool_calls/js_repl/input_mnkz4ieb.json,.json,yes,
input_mnkz4o3f.json,tool_calls/js_repl/input_mnkz4o3f.json,.json,yes,
input_mnkz4v39.json,tool_calls/js_repl/input_mnkz4v39.json,.json,yes,
input_mnkz4ysz.json,tool_calls/js_repl/input_mnkz4ysz.json,.json,yes,
input_mnkz55p0.json,tool_calls/js_repl/input_mnkz55p0.json,.json,yes,
input_mnkz5ckc.json,tool_calls/js_repl/input_mnkz5ckc.json,.json,yes,
input_mnkz6im8.json,tool_calls/js_repl/input_mnkz6im8.json,.json,yes,
input_mnkz6nvg.json,tool_calls/js_repl/input_mnkz6nvg.json,.json,yes,
input_mnkz6r0h.json,tool_calls/js_repl/input_mnkz6r0h.json,.json,yes,
input_mnkz6w2m.json,tool_calls/js_repl/input_mnkz6w2m.json,.json,yes,
input_mnl6zzph.json,tool_calls/js_repl/input_mnl6zzph.json,.json,yes,
input_mnl74cva.json,tool_calls/js_repl/input_mnl74cva.json,.json,yes,
input_mnl74lxd.json,tool_calls/js_repl/input_mnl74lxd.json,.json,yes,
input_mnl74q59.json,tool_calls/js_repl/input_mnl74q59.json,.json,yes,
input_mnl75lp3.json,tool_calls/js_repl/input_mnl75lp3.json,.json,yes,
input_mnl75qkj.json,tool_calls/js_repl/input_mnl75qkj.json,.json,yes,
input_mnl75vjo.json,tool_calls/js_repl/input_mnl75vjo.json,.json,yes,
input_mnl760wu.json,tool_calls/js_repl/input_mnl760wu.json,.json,yes,
input_mnl76723.json,tool_calls/js_repl/input_mnl76723.json,.json,yes,
input_mnl76e18.json,tool_calls/js_repl/input_mnl76e18.json,.json,yes,
input_mnl76mfd.json,tool_calls/js_repl/input_mnl76mfd.json,.json,yes,
input_mnl76s9b.json,tool_calls/js_repl/input_mnl76s9b.json,.json,yes,
input_mnl76yru.json,tool_calls/js_repl/input_mnl76yru.json,.json,yes,
input_mnl778aq.json,tool_calls/js_repl/input_mnl778aq.json,.json,yes,
input_mnl94ihv.json,tool_calls/js_repl/input_mnl94ihv.json,.json,yes,
input_mnl94te4.json,tool_calls/js_repl/input_mnl94te4.json,.json,yes,
input_mnl94yyx.json,tool_calls/js_repl/input_mnl94yyx.json,.json,yes,
input_mnl95c6q.json,tool_calls/js_repl/input_mnl95c6q.json,.json,yes,
input_mnl97u9r.json,tool_calls/js_repl/input_mnl97u9r.json,.json,yes,
input_mnl98310.json,tool_calls/js_repl/input_mnl98310.json,.json,yes,
input_mnl99aoa.json,tool_calls/js_repl/input_mnl99aoa.json,.json,yes,
input_mnl99wzo.json,tool_calls/js_repl/input_mnl99wzo.json,.json,yes,
input_mnl9a0pg.json,tool_calls/js_repl/input_mnl9a0pg.json,.json,yes,
input_mnl9a7hv.json,tool_calls/js_repl/input_mnl9a7hv.json,.json,yes,
input_mnl9abz6.json,tool_calls/js_repl/input_mnl9abz6.json,.json,yes,
input_mnl9bq2e.json,tool_calls/js_repl/input_mnl9bq2e.json,.json,yes,
input_mnl9bx1b.json,tool_calls/js_repl/input_mnl9bx1b.json,.json,yes,
input_mnl9c4be.json,tool_calls/js_repl/input_mnl9c4be.json,.json,yes,
input_mnlau3bx.json,tool_calls/js_repl/input_mnlau3bx.json,.json,yes,
input_mnlau7dz.json,tool_calls/js_repl/input_mnlau7dz.json,.json,yes,
input_mnlauaxy.json,tool_calls/js_repl/input_mnlauaxy.json,.json,yes,
input_mnlazlkm.json,tool_calls/js_repl/input_mnlazlkm.json,.json,yes,
input_mnlb0xzd.json,tool_calls/js_repl/input_mnlb0xzd.json,.json,yes,
input_mnlb128w.json,tool_calls/js_repl/input_mnlb128w.json,.json,yes,
input_mnlb1ccv.json,tool_calls/js_repl/input_mnlb1ccv.json,.json,yes,
input_mnlb1u0q.json,tool_calls/js_repl/input_mnlb1u0q.json,.json,yes,
input_mnlb1xac.json,tool_calls/js_repl/input_mnlb1xac.json,.json,yes,
input_mnlb3mxx.json,tool_calls/js_repl/input_mnlb3mxx.json,.json,yes,
input_mnlb3sps.json,tool_calls/js_repl/input_mnlb3sps.json,.json,yes,
input_mnlb3y7c.json,tool_calls/js_repl/input_mnlb3y7c.json,.json,yes,
input_mnlb4mul.json,tool_calls/js_repl/input_mnlb4mul.json,.json,yes,
input_mnlb4t18.json,tool_calls/js_repl/input_mnlb4t18.json,.json,yes,
output_mnjwcwsn.json,tool_calls/js_repl/output_mnjwcwsn.json,.json,yes,
output_mnjwd10z.json,tool_calls/js_repl/output_mnjwd10z.json,.json,yes,
output_mnjwd668.json,tool_calls/js_repl/output_mnjwd668.json,.json,yes,
output_mnjwdam4.json,tool_calls/js_repl/output_mnjwdam4.json,.json,yes,
output_mnkvpgvd.json,tool_calls/js_repl/output_mnkvpgvd.json,.json,yes,
output_mnkvpl3d.json,tool_calls/js_repl/output_mnkvpl3d.json,.json,yes,
output_mnkvpq6a.json,tool_calls/js_repl/output_mnkvpq6a.json,.json,yes,
output_mnkvpubd.json,tool_calls/js_repl/output_mnkvpubd.json,.json,yes,
output_mnkvq2c1.json,tool_calls/js_repl/output_mnkvq2c1.json,.json,yes,
output_mnkvq9sa.json,tool_calls/js_repl/output_mnkvq9sa.json,.json,yes,
output_mnkvqg02.json,tool_calls/js_repl/output_mnkvqg02.json,.json,yes,
output_mnkvqt7l.json,tool_calls/js_repl/output_mnkvqt7l.json,.json,yes,
output_mnkvr2bz.json,tool_calls/js_repl/output_mnkvr2bz.json,.json,yes,
output_mnkvsgxi.json,tool_calls/js_repl/output_mnkvsgxi.json,.json,yes,
output_mnkvsmfu.json,tool_calls/js_repl/output_mnkvsmfu.json,.json,yes,
output_mnkwxhri.json,tool_calls/js_repl/output_mnkwxhri.json,.json,yes,
output_mnkwxlyn.json,tool_calls/js_repl/output_mnkwxlyn.json,.json,yes,
output_mnkwxqmv.json,tool_calls/js_repl/output_mnkwxqmv.json,.json,yes,
output_mnkwxvd3.json,tool_calls/js_repl/output_mnkwxvd3.json,.json,yes,
output_mnkwy2pz.json,tool_calls/js_repl/output_mnkwy2pz.json,.json,yes,
output_mnkwy9vj.json,tool_calls/js_repl/output_mnkwy9vj.json,.json,yes,
output_mnkwyfcj.json,tool_calls/js_repl/output_mnkwyfcj.json,.json,yes,
output_mnkwykq1.json,tool_calls/js_repl/output_mnkwykq1.json,.json,yes,
output_mnkz0dyx.json,tool_calls/js_repl/output_mnkz0dyx.json,.json,yes,
output_mnkz0ier.json,tool_calls/js_repl/output_mnkz0ier.json,.json,yes,
output_mnkz0lqe.json,tool_calls/js_repl/output_mnkz0lqe.json,.json,yes,
output_mnkz40pk.json,tool_calls/js_repl/output_mnkz40pk.json,.json,yes,
output_mnkz4ieb.json,tool_calls/js_repl/output_mnkz4ieb.json,.json,yes,
output_mnkz4o3f.json,tool_calls/js_repl/output_mnkz4o3f.json,.json,yes,
output_mnkz4v39.json,tool_calls/js_repl/output_mnkz4v39.json,.json,yes,
output_mnkz4ysz.json,tool_calls/js_repl/output_mnkz4ysz.json,.json,yes,
output_mnkz55p0.json,tool_calls/js_repl/output_mnkz55p0.json,.json,yes,
output_mnkz5ckc.json,tool_calls/js_repl/output_mnkz5ckc.json,.json,yes,
output_mnkz6im8.json,tool_calls/js_repl/output_mnkz6im8.json,.json,yes,
output_mnkz6nvg.json,tool_calls/js_repl/output_mnkz6nvg.json,.json,yes,
output_mnkz6r0h.json,tool_calls/js_repl/output_mnkz6r0h.json,.json,yes,
output_mnkz6w2m.json,tool_calls/js_repl/output_mnkz6w2m.json,.json,yes,
output_mnl6zzph.json,tool_calls/js_repl/output_mnl6zzph.json,.json,yes,
output_mnl74cva.json,tool_calls/js_repl/output_mnl74cva.json,.json,yes,
output_mnl74lxd.json,tool_calls/js_repl/output_mnl74lxd.json,.json,yes,
output_mnl74q59.json,tool_calls/js_repl/output_mnl74q59.json,.json,yes,
output_mnl75lp3.json,tool_calls/js_repl/output_mnl75lp3.json,.json,yes,
output_mnl75qkj.json,tool_calls/js_repl/output_mnl75qkj.json,.json,yes,
output_mnl75vjo.json,tool_calls/js_repl/output_mnl75vjo.json,.json,yes,
output_mnl760wu.json,tool_calls/js_repl/output_mnl760wu.json,.json,yes,
output_mnl76723.json,tool_calls/js_repl/output_mnl76723.json,.json,yes,
output_mnl76e18.json,tool_calls/js_repl/output_mnl76e18.json,.json,yes,
output_mnl76mfd.json,tool_calls/js_repl/output_mnl76mfd.json,.json,yes,
output_mnl76s9b.json,tool_calls/js_repl/output_mnl76s9b.json,.json,yes,
output_mnl76yru.json,tool_calls/js_repl/output_mnl76yru.json,.json,yes,
output_mnl778aq.json,tool_calls/js_repl/output_mnl778aq.json,.json,yes,
output_mnl94ihv.json,tool_calls/js_repl/output_mnl94ihv.json,.json,yes,
output_mnl94te4.json,tool_calls/js_repl/output_mnl94te4.json,.json,yes,
output_mnl94yyx.json,tool_calls/js_repl/output_mnl94yyx.json,.json,yes,
output_mnl95c6q.json,tool_calls/js_repl/output_mnl95c6q.json,.json,yes,
output_mnl97u9r.json,tool_calls/js_repl/output_mnl97u9r.json,.json,yes,
output_mnl98310.json,tool_calls/js_repl/output_mnl98310.json,.json,yes,
output_mnl99aoa.json,tool_calls/js_repl/output_mnl99aoa.json,.json,yes,
output_mnl99wzo.json,tool_calls/js_repl/output_mnl99wzo.json,.json,yes,
output_mnl9a0pg.json,tool_calls/js_repl/output_mnl9a0pg.json,.json,yes,
output_mnl9a7hv.json,tool_calls/js_repl/output_mnl9a7hv.json,.json,yes,
output_mnl9abz6.json,tool_calls/js_repl/output_mnl9abz6.json,.json,yes,
output_mnl9bq2e.json,tool_calls/js_repl/output_mnl9bq2e.json,.json,yes,
output_mnl9bx1b.json,tool_calls/js_repl/output_mnl9bx1b.json,.json,yes,
output_mnl9c4be.json,tool_calls/js_repl/output_mnl9c4be.json,.json,yes,
output_mnlau3bx.json,tool_calls/js_repl/output_mnlau3bx.json,.json,yes,
output_mnlau7dz.json,tool_calls/js_repl/output_mnlau7dz.json,.json,yes,
output_mnlauaxy.json,tool_calls/js_repl/output_mnlauaxy.json,.json,yes,
output_mnlazlkm.json,tool_calls/js_repl/output_mnlazlkm.json,.json,yes,
output_mnlb0xzd.json,tool_calls/js_repl/output_mnlb0xzd.json,.json,yes,
output_mnlb128w.json,tool_calls/js_repl/output_mnlb128w.json,.json,yes,
output_mnlb1ccv.json,tool_calls/js_repl/output_mnlb1ccv.json,.json,yes,
output_mnlb1u0q.json,tool_calls/js_repl/output_mnlb1u0q.json,.json,yes,
output_mnlb1xac.json,tool_calls/js_repl/output_mnlb1xac.json,.json,yes,
output_mnlb3mxx.json,tool_calls/js_repl/output_mnlb3mxx.json,.json,yes,
output_mnlb3sps.json,tool_calls/js_repl/output_mnlb3sps.json,.json,yes,
output_mnlb3y7c.json,tool_calls/js_repl/output_mnlb3y7c.json,.json,yes,
output_mnlb4mul.json,tool_calls/js_repl/output_mnlb4mul.json,.json,yes,
output_mnlb4t18.json,tool_calls/js_repl/output_mnlb4t18.json,.json,yes,
input_mnl9gih2.json,tool_calls/navigate/input_mnl9gih2.json,.json,yes,
input_mnl9gkzf.json,tool_calls/navigate/input_mnl9gkzf.json,.json,yes,
input_mnl9glwq.json,tool_calls/navigate/input_mnl9glwq.json,.json,yes,
input_mnl9god9.json,tool_calls/navigate/input_mnl9god9.json,.json,yes,
input_mnl9gp7s.json,tool_calls/navigate/input_mnl9gp7s.json,.json,yes,
input_mnl9gpi3.json,tool_calls/navigate/input_mnl9gpi3.json,.json,yes,
input_mnl9gpib.json,tool_calls/navigate/input_mnl9gpib.json,.json,yes,
input_mnl9gqa3.json,tool_calls/navigate/input_mnl9gqa3.json,.json,yes,
input_mnl9gqv2.json,tool_calls/navigate/input_mnl9gqv2.json,.json,yes,
input_mnl9gu9k.json,tool_calls/navigate/input_mnl9gu9k.json,.json,yes,
input_mnl9guj1.json,tool_calls/navigate/input_mnl9guj1.json,.json,yes,
input_mnl9guqn.json,tool_calls/navigate/input_mnl9guqn.json,.json,yes,
input_mnl9gwuu.json,tool_calls/navigate/input_mnl9gwuu.json,.json,yes,
input_mnl9gz3p.json,tool_calls/navigate/input_mnl9gz3p.json,.json,yes,
input_mnl9gz9b.json,tool_calls/navigate/input_mnl9gz9b.json,.json,yes,
input_mnl9h2eh.json,tool_calls/navigate/input_mnl9h2eh.json,.json,yes,
input_mnl9h4qo.json,tool_calls/navigate/input_mnl9h4qo.json,.json,yes,
input_mnl9h99o.json,tool_calls/navigate/input_mnl9h99o.json,.json,yes,
input_mnl9hd80.json,tool_calls/navigate/input_mnl9hd80.json,.json,yes,
input_mnl9hdv1.json,tool_calls/navigate/input_mnl9hdv1.json,.json,yes,
input_mnl9hdw6.json,tool_calls/navigate/input_mnl9hdw6.json,.json,yes,
input_mnl9hq6a.json,tool_calls/navigate/input_mnl9hq6a.json,.json,yes,
input_mnl9hrrn.json,tool_calls/navigate/input_mnl9hrrn.json,.json,yes,
input_mnl9hrz1.json,tool_calls/navigate/input_mnl9hrz1.json,.json,yes,
input_mnl9hs9p.json,tool_calls/navigate/input_mnl9hs9p.json,.json,yes,
input_mnl9hvl7.json,tool_calls/navigate/input_mnl9hvl7.json,.json,yes,
input_mnl9i0b9.json,tool_calls/navigate/input_mnl9i0b9.json,.json,yes,
input_mnl9i3t6.json,tool_calls/navigate/input_mnl9i3t6.json,.json,yes,
input_mnl9i4ob.json,tool_calls/navigate/input_mnl9i4ob.json,.json,yes,
input_mnl9i4om.json,tool_calls/navigate/input_mnl9i4om.json,.json,yes,
input_mnl9i6op.json,tool_calls/navigate/input_mnl9i6op.json,.json,yes,
input_mnl9ijb3.json,tool_calls/navigate/input_mnl9ijb3.json,.json,yes,
input_mnl9ijbs.json,tool_calls/navigate/input_mnl9ijbs.json,.json,yes,
input_mnl9ik9r.json,tool_calls/navigate/input_mnl9ik9r.json,.json,yes,
input_mnl9io5e.json,tool_calls/navigate/input_mnl9io5e.json,.json,yes,
input_mnl9ippm.json,tool_calls/navigate/input_mnl9ippm.json,.json,yes,
input_mnl9isu6.json,tool_calls/navigate/input_mnl9isu6.json,.json,yes,
input_mnl9itjp.json,tool_calls/navigate/input_mnl9itjp.json,.json,yes,
input_mnl9j5fk.json,tool_calls/navigate/input_mnl9j5fk.json,.json,yes,
input_mnl9j67f.json,tool_calls/navigate/input_mnl9j67f.json,.json,yes,
input_mnl9j7l5.json,tool_calls/navigate/input_mnl9j7l5.json,.json,yes,
input_mnl9jabq.json,tool_calls/navigate/input_mnl9jabq.json,.json,yes,
input_mnl9jk8j.json,tool_calls/navigate/input_mnl9jk8j.json,.json,yes,
input_mnl9jlrj.json,tool_calls/navigate/input_mnl9jlrj.json,.json,yes,
input_mnl9jmtq.json,tool_calls/navigate/input_mnl9jmtq.json,.json,yes,
input_mnl9jo47.json,tool_calls/navigate/input_mnl9jo47.json,.json,yes,
input_mnl9jse5.json,tool_calls/navigate/input_mnl9jse5.json,.json,yes,
input_mnl9ju1s.json,tool_calls/navigate/input_mnl9ju1s.json,.json,yes,
input_mnl9ju5l.json,tool_calls/navigate/input_mnl9ju5l.json,.json,yes,
input_mnl9jwlk.json,tool_calls/navigate/input_mnl9jwlk.json,.json,yes,
input_mnl9k34h.json,tool_calls/navigate/input_mnl9k34h.json,.json,yes,
input_mnl9k3o0.json,tool_calls/navigate/input_mnl9k3o0.json,.json,yes,
input_mnl9k565.json,tool_calls/navigate/input_mnl9k565.json,.json,yes,
input_mnl9k8d7.json,tool_calls/navigate/input_mnl9k8d7.json,.json,yes,
input_mnl9k8rz.json,tool_calls/navigate/input_mnl9k8rz.json,.json,yes,
input_mnl9kf0c.json,tool_calls/navigate/input_mnl9kf0c.json,.json,yes,
input_mnl9kiav.json,tool_calls/navigate/input_mnl9kiav.json,.json,yes,
input_mnl9kjk4.json,tool_calls/navigate/input_mnl9kjk4.json,.json,yes,
input_mnl9kl5b.json,tool_calls/navigate/input_mnl9kl5b.json,.json,yes,
input_mnl9km22.json,tool_calls/navigate/input_mnl9km22.json,.json,yes,
input_mnl9kpw7.json,tool_calls/navigate/input_mnl9kpw7.json,.json,yes,
input_mnl9kq8v.json,tool_calls/navigate/input_mnl9kq8v.json,.json,yes,
input_mnl9kqvl.json,tool_calls/navigate/input_mnl9kqvl.json,.json,yes,
input_mnl9l1en.json,tool_calls/navigate/input_mnl9l1en.json,.json,yes,
input_mnl9l75b.json,tool_calls/navigate/input_mnl9l75b.json,.json,yes,
input_mnl9lawu.json,tool_calls/navigate/input_mnl9lawu.json,.json,yes,
input_mnl9lefu.json,tool_calls/navigate/input_mnl9lefu.json,.json,yes,
input_mnl9leos.json,tool_calls/navigate/input_mnl9leos.json,.json,yes,
input_mnl9li7g.json,tool_calls/navigate/input_mnl9li7g.json,.json,yes,
input_mnl9lloo.json,tool_calls/navigate/input_mnl9lloo.json,.json,yes,
input_mnl9lnph.json,tool_calls/navigate/input_mnl9lnph.json,.json,yes,
input_mnl9lp9k.json,tool_calls/navigate/input_mnl9lp9k.json,.json,yes,
input_mnl9lvm9.json,tool_calls/navigate/input_mnl9lvm9.json,.json,yes,
input_mnl9m464.json,tool_calls/navigate/input_mnl9m464.json,.json,yes,
input_mnl9mhke.json,tool_calls/navigate/input_mnl9mhke.json,.json,yes,
input_mnl9moie.json,tool_calls/navigate/input_mnl9moie.json,.json,yes,
output_mnl9gih2.json,tool_calls/navigate/output_mnl9gih2.json,.json,yes,
output_mnl9gkzf.json,tool_calls/navigate/output_mnl9gkzf.json,.json,yes,
output_mnl9glwq.json,tool_calls/navigate/output_mnl9glwq.json,.json,yes,
output_mnl9god9.json,tool_calls/navigate/output_mnl9god9.json,.json,yes,
output_mnl9gp7s.json,tool_calls/navigate/output_mnl9gp7s.json,.json,yes,
output_mnl9gpi3.json,tool_calls/navigate/output_mnl9gpi3.json,.json,yes,
output_mnl9gpib.json,tool_calls/navigate/output_mnl9gpib.json,.json,yes,
output_mnl9gqa3.json,tool_calls/navigate/output_mnl9gqa3.json,.json,yes,
output_mnl9gqv2.json,tool_calls/navigate/output_mnl9gqv2.json,.json,yes,
output_mnl9gu9k.json,tool_calls/navigate/output_mnl9gu9k.json,.json,yes,
output_mnl9guj1.json,tool_calls/navigate/output_mnl9guj1.json,.json,yes,
output_mnl9guqn.json,tool_calls/navigate/output_mnl9guqn.json,.json,yes,
output_mnl9gwuu.json,tool_calls/navigate/output_mnl9gwuu.json,.json,yes,
output_mnl9gz3p.json,tool_calls/navigate/output_mnl9gz3p.json,.json,yes,
output_mnl9gz9b.json,tool_calls/navigate/output_mnl9gz9b.json,.json,yes,
output_mnl9h2eh.json,tool_calls/navigate/output_mnl9h2eh.json,.json,yes,
output_mnl9h4qo.json,tool_calls/navigate/output_mnl9h4qo.json,.json,yes,
output_mnl9h99o.json,tool_calls/navigate/output_mnl9h99o.json,.json,yes,
output_mnl9hd80.json,tool_calls/navigate/output_mnl9hd80.json,.json,yes,
output_mnl9hdv1.json,tool_calls/navigate/output_mnl9hdv1.json,.json,yes,
output_mnl9hdw6.json,tool_calls/navigate/output_mnl9hdw6.json,.json,yes,
output_mnl9hq6a.json,tool_calls/navigate/output_mnl9hq6a.json,.json,yes,
output_mnl9hrrn.json,tool_calls/navigate/output_mnl9hrrn.json,.json,yes,
output_mnl9hrz1.json,tool_calls/navigate/output_mnl9hrz1.json,.json,yes,
output_mnl9hs9p.json,tool_calls/navigate/output_mnl9hs9p.json,.json,yes,
output_mnl9hvl7.json,tool_calls/navigate/output_mnl9hvl7.json,.json,yes,
output_mnl9i0b9.json,tool_calls/navigate/output_mnl9i0b9.json,.json,yes,
output_mnl9i3t6.json,tool_calls/navigate/output_mnl9i3t6.json,.json,yes,
output_mnl9i4ob.json,tool_calls/navigate/output_mnl9i4ob.json,.json,yes,
output_mnl9i4om.json,tool_calls/navigate/output_mnl9i4om.json,.json,yes,
output_mnl9i6op.json,tool_calls/navigate/output_mnl9i6op.json,.json,yes,
output_mnl9ijb3.json,tool_calls/navigate/output_mnl9ijb3.json,.json,yes,
output_mnl9ijbs.json,tool_calls/navigate/output_mnl9ijbs.json,.json,yes,
output_mnl9ik9r.json,tool_calls/navigate/output_mnl9ik9r.json,.json,yes,
output_mnl9io5e.json,tool_calls/navigate/output_mnl9io5e.json,.json,yes,
output_mnl9ippm.json,tool_calls/navigate/output_mnl9ippm.json,.json,yes,
output_mnl9isu6.json,tool_calls/navigate/output_mnl9isu6.json,.json,yes,
output_mnl9itjp.json,tool_calls/navigate/output_mnl9itjp.json,.json,yes,
output_mnl9j5fk.json,tool_calls/navigate/output_mnl9j5fk.json,.json,yes,
output_mnl9j67f.json,tool_calls/navigate/output_mnl9j67f.json,.json,yes,
output_mnl9j7l5.json,tool_calls/navigate/output_mnl9j7l5.json,.json,yes,
output_mnl9jabq.json,tool_calls/navigate/output_mnl9jabq.json,.json,yes,
output_mnl9jk8j.json,tool_calls/navigate/output_mnl9jk8j.json,.json,yes,
output_mnl9jlrj.json,tool_calls/navigate/output_mnl9jlrj.json,.json,yes,
output_mnl9jmtq.json,tool_calls/navigate/output_mnl9jmtq.json,.json,yes,
output_mnl9jo47.json,tool_calls/navigate/output_mnl9jo47.json,.json,yes,
output_mnl9jse5.json,tool_calls/navigate/output_mnl9jse5.json,.json,yes,
output_mnl9ju1s.json,tool_calls/navigate/output_mnl9ju1s.json,.json,yes,
output_mnl9ju5l.json,tool_calls/navigate/output_mnl9ju5l.json,.json,yes,
output_mnl9jwlk.json,tool_calls/navigate/output_mnl9jwlk.json,.json,yes,
output_mnl9k34h.json,tool_calls/navigate/output_mnl9k34h.json,.json,yes,
output_mnl9k3o0.json,tool_calls/navigate/output_mnl9k3o0.json,.json,yes,
output_mnl9k565.json,tool_calls/navigate/output_mnl9k565.json,.json,yes,
output_mnl9k8d7.json,tool_calls/navigate/output_mnl9k8d7.json,.json,yes,
output_mnl9k8rz.json,tool_calls/navigate/output_mnl9k8rz.json,.json,yes,
output_mnl9kf0c.json,tool_calls/navigate/output_mnl9kf0c.json,.json,yes,
output_mnl9kiav.json,tool_calls/navigate/output_mnl9kiav.json,.json,yes,
output_mnl9kjk4.json,tool_calls/navigate/output_mnl9kjk4.json,.json,yes,
output_mnl9kl5b.json,tool_calls/navigate/output_mnl9kl5b.json,.json,yes,
output_mnl9km22.json,tool_calls/navigate/output_mnl9km22.json,.json,yes,
output_mnl9kpw7.json,tool_calls/navigate/output_mnl9kpw7.json,.json,yes,
output_mnl9kq8v.json,tool_calls/navigate/output_mnl9kq8v.json,.json,yes,
output_mnl9kqvl.json,tool_calls/navigate/output_mnl9kqvl.json,.json,yes,
output_mnl9l1en.json,tool_calls/navigate/output_mnl9l1en.json,.json,yes,
output_mnl9l75b.json,tool_calls/navigate/output_mnl9l75b.json,.json,yes,
output_mnl9lawu.json,tool_calls/navigate/output_mnl9lawu.json,.json,yes,
output_mnl9lefu.json,tool_calls/navigate/output_mnl9lefu.json,.json,yes,
output_mnl9leos.json,tool_calls/navigate/output_mnl9leos.json,.json,yes,
output_mnl9li7g.json,tool_calls/navigate/output_mnl9li7g.json,.json,yes,
output_mnl9lloo.json,tool_calls/navigate/output_mnl9lloo.json,.json,yes,
output_mnl9lnph.json,tool_calls/navigate/output_mnl9lnph.json,.json,yes,
output_mnl9lp9k.json,tool_calls/navigate/output_mnl9lp9k.json,.json,yes,
output_mnl9lvm9.json,tool_calls/navigate/output_mnl9lvm9.json,.json,yes,
output_mnl9m464.json,tool_calls/navigate/output_mnl9m464.json,.json,yes,
output_mnl9mhke.json,tool_calls/navigate/output_mnl9mhke.json,.json,yes,
output_mnl9moie.json,tool_calls/navigate/output_mnl9moie.json,.json,yes,
input_mnjwhhtr.json,tool_calls/read/input_mnjwhhtr.json,.json,yes,
input_mnjwhoqx.json,tool_calls/read/input_mnjwhoqx.json,.json,yes,
input_mnjwhwye.json,tool_calls/read/input_mnjwhwye.json,.json,yes,
input_mnjwi5q5.json,tool_calls/read/input_mnjwi5q5.json,.json,yes,
input_mnjwigmh.json,tool_calls/read/input_mnjwigmh.json,.json,yes,
input_mnjwinl0.json,tool_calls/read/input_mnjwinl0.json,.json,yes,
input_mnjwiz4g.json,tool_calls/read/input_mnjwiz4g.json,.json,yes,
input_mnjwj7mv.json,tool_calls/read/input_mnjwj7mv.json,.json,yes,
input_mnjwjlvn.json,tool_calls/read/input_mnjwjlvn.json,.json,yes,
input_mnjwjtzd.json,tool_calls/read/input_mnjwjtzd.json,.json,yes,
input_mnjwk6iq.json,tool_calls/read/input_mnjwk6iq.json,.json,yes,
input_mnjwkrog.json,tool_calls/read/input_mnjwkrog.json,.json,yes,
input_mnjwtjau.json,tool_calls/read/input_mnjwtjau.json,.json,yes,
input_mnjxp6as.json,tool_calls/read/input_mnjxp6as.json,.json,yes,
input_mnjxp6bc.json,tool_calls/read/input_mnjxp6bc.json,.json,yes,
input_mnjxp6d2.json,tool_calls/read/input_mnjxp6d2.json,.json,yes,
input_mnjxp6hs.json,tool_calls/read/input_mnjxp6hs.json,.json,yes,
input_mnjxpx4b.json,tool_calls/read/input_mnjxpx4b.json,.json,yes,
input_mnjxq0tu.json,tool_calls/read/input_mnjxq0tu.json,.json,yes,
input_mnjxz9kq.json,tool_calls/read/input_mnjxz9kq.json,.json,yes,
input_mnjxzr0d.json,tool_calls/read/input_mnjxzr0d.json,.json,yes,
input_mnjy0zx5.json,tool_calls/read/input_mnjy0zx5.json,.json,yes,
input_mnjy14cj.json,tool_calls/read/input_mnjy14cj.json,.json,yes,
input_mnjy14f1.json,tool_calls/read/input_mnjy14f1.json,.json,yes,
input_mnjy1b8b.json,tool_calls/read/input_mnjy1b8b.json,.json,yes,
input_mnjy1f8i.json,tool_calls/read/input_mnjy1f8i.json,.json,yes,
input_mnjy1fbn.json,tool_calls/read/input_mnjy1fbn.json,.json,yes,
input_mnjy1onc.json,tool_calls/read/input_mnjy1onc.json,.json,yes,
input_mnjy1oot.json,tool_calls/read/input_mnjy1oot.json,.json,yes,
input_mnjyaxbt.json,tool_calls/read/input_mnjyaxbt.json,.json,yes,
input_mnjybeoy.json,tool_calls/read/input_mnjybeoy.json,.json,yes,
input_mnjybhii.json,tool_calls/read/input_mnjybhii.json,.json,yes,
input_mnjyzb80.json,tool_calls/read/input_mnjyzb80.json,.json,yes,
input_mnk0anst.json,tool_calls/read/input_mnk0anst.json,.json,yes,
input_mnk0aqj8.json,tool_calls/read/input_mnk0aqj8.json,.json,yes,
input_mnk0hhwy.json,tool_calls/read/input_mnk0hhwy.json,.json,yes,
input_mnk0hxzt.json,tool_calls/read/input_mnk0hxzt.json,.json,yes,
input_mnk0i22p.json,tool_calls/read/input_mnk0i22p.json,.json,yes,
input_mnk0ik0e.json,tool_calls/read/input_mnk0ik0e.json,.json,yes,
input_mnk0impd.json,tool_calls/read/input_mnk0impd.json,.json,yes,
input_mnk0j2vk.json,tool_calls/read/input_mnk0j2vk.json,.json,yes,
input_mnk0j84o.json,tool_calls/read/input_mnk0j84o.json,.json,yes,
input_mnk0mz0i.json,tool_calls/read/input_mnk0mz0i.json,.json,yes,
input_mnkutexu.json,tool_calls/read/input_mnkutexu.json,.json,yes,
input_mnkutgst.json,tool_calls/read/input_mnkutgst.json,.json,yes,
input_mnkv0md7.json,tool_calls/read/input_mnkv0md7.json,.json,yes,
input_mnkv0mgb.json,tool_calls/read/input_mnkv0mgb.json,.json,yes,
input_mnkv0w7n.json,tool_calls/read/input_mnkv0w7n.json,.json,yes,
input_mnkv0w7q.json,tool_calls/read/input_mnkv0w7q.json,.json,yes,
input_mnkv17n8.json,tool_calls/read/input_mnkv17n8.json,.json,yes,
input_mnkv17y0.json,tool_calls/read/input_mnkv17y0.json,.json,yes,
input_mnkv1imm.json,tool_calls/read/input_mnkv1imm.json,.json,yes,
input_mnkv1r1r.json,tool_calls/read/input_mnkv1r1r.json,.json,yes,
input_mnkv669z.json,tool_calls/read/input_mnkv669z.json,.json,yes,
input_mnkvctai.json,tool_calls/read/input_mnkvctai.json,.json,yes,
input_mnkvd2n4.json,tool_calls/read/input_mnkvd2n4.json,.json,yes,
input_mnkvdasw.json,tool_calls/read/input_mnkvdasw.json,.json,yes,
input_mnkvdk78.json,tool_calls/read/input_mnkvdk78.json,.json,yes,
input_mnkviydk.json,tool_calls/read/input_mnkviydk.json,.json,yes,
input_mnkw0k41.json,tool_calls/read/input_mnkw0k41.json,.json,yes,
input_mnkw3kej.json,tool_calls/read/input_mnkw3kej.json,.json,yes,
input_mnkw3shd.json,tool_calls/read/input_mnkw3shd.json,.json,yes,
input_mnkw4qr6.json,tool_calls/read/input_mnkw4qr6.json,.json,yes,
input_mnkw58gt.json,tool_calls/read/input_mnkw58gt.json,.json,yes,
input_mnkw5sbe.json,tool_calls/read/input_mnkw5sbe.json,.json,yes,
input_mnkw67am.json,tool_calls/read/input_mnkw67am.json,.json,yes,
input_mnkw6nqg.json,tool_calls/read/input_mnkw6nqg.json,.json,yes,
input_mnkw6wxs.json,tool_calls/read/input_mnkw6wxs.json,.json,yes,
input_mnkw8gul.json,tool_calls/read/input_mnkw8gul.json,.json,yes,
input_mnkw8r0v.json,tool_calls/read/input_mnkw8r0v.json,.json,yes,
input_mnkw91mo.json,tool_calls/read/input_mnkw91mo.json,.json,yes,
input_mnkw9dom.json,tool_calls/read/input_mnkw9dom.json,.json,yes,
input_mnkwaqem.json,tool_calls/read/input_mnkwaqem.json,.json,yes,
input_mnkwf8uc.json,tool_calls/read/input_mnkwf8uc.json,.json,yes,
input_mnkwp6go.json,tool_calls/read/input_mnkwp6go.json,.json,yes,
input_mnkwp974.json,tool_calls/read/input_mnkwp974.json,.json,yes,
input_mnky6b21.json,tool_calls/read/input_mnky6b21.json,.json,yes,
input_mnky6b2e.json,tool_calls/read/input_mnky6b2e.json,.json,yes,
input_mnkyd12t.json,tool_calls/read/input_mnkyd12t.json,.json,yes,
input_mnkypxtn.json,tool_calls/read/input_mnkypxtn.json,.json,yes,
input_mnl6z6n5.json,tool_calls/read/input_mnl6z6n5.json,.json,yes,
input_mnlacwwb.json,tool_calls/read/input_mnlacwwb.json,.json,yes,
input_mnlacwwl.json,tool_calls/read/input_mnlacwwl.json,.json,yes,
input_mnlacwx0.json,tool_calls/read/input_mnlacwx0.json,.json,yes,
input_mnlaczy5.json,tool_calls/read/input_mnlaczy5.json,.json,yes,
input_mnlad01p.json,tool_calls/read/input_mnlad01p.json,.json,yes,
input_mnlad049.json,tool_calls/read/input_mnlad049.json,.json,yes,
input_mnlad4rk.json,tool_calls/read/input_mnlad4rk.json,.json,yes,
input_mnlajp0t.json,tool_calls/read/input_mnlajp0t.json,.json,yes,
input_mnlajy8b.json,tool_calls/read/input_mnlajy8b.json,.json,yes,
input_mnlakncz.json,tool_calls/read/input_mnlakncz.json,.json,yes,
input_mnlaktvl.json,tool_calls/read/input_mnlaktvl.json,.json,yes,
input_mnlal55v.json,tool_calls/read/input_mnlal55v.json,.json,yes,
input_mnlaleej.json,tool_calls/read/input_mnlaleej.json,.json,yes,
input_mnlat6b9.json,tool_calls/read/input_mnlat6b9.json,.json,yes,
input_mnlat6g1.json,tool_calls/read/input_mnlat6g1.json,.json,yes,
input_mnlatczu.json,tool_calls/read/input_mnlatczu.json,.json,yes,
input_mnlb6kbf.json,tool_calls/read/input_mnlb6kbf.json,.json,yes,
input_mnlb6t2n.json,tool_calls/read/input_mnlb6t2n.json,.json,yes,
input_mnlb73ra.json,tool_calls/read/input_mnlb73ra.json,.json,yes,
input_mnlb769h.json,tool_calls/read/input_mnlb769h.json,.json,yes,
input_mnlb9qoh.json,tool_calls/read/input_mnlb9qoh.json,.json,yes,
input_mnlb9u4d.json,tool_calls/read/input_mnlb9u4d.json,.json,yes,
input_mnlba9pf.json,tool_calls/read/input_mnlba9pf.json,.json,yes,
input_mnlbac0o.json,tool_calls/read/input_mnlbac0o.json,.json,yes,
input_mnlbsla5.json,tool_calls/read/input_mnlbsla5.json,.json,yes,
input_mnlbslab.json,tool_calls/read/input_mnlbslab.json,.json,yes,
input_mnlc95p9.json,tool_calls/read/input_mnlc95p9.json,.json,yes,
input_mnlc9kxi.json,tool_calls/read/input_mnlc9kxi.json,.json,yes,
input_mnlc9n0o.json,tool_calls/read/input_mnlc9n0o.json,.json,yes,
input_mnlca8lj.json,tool_calls/read/input_mnlca8lj.json,.json,yes,
input_mnlcc831.json,tool_calls/read/input_mnlcc831.json,.json,yes,
input_mnlccd01.json,tool_calls/read/input_mnlccd01.json,.json,yes,
input_mnlcchco.json,tool_calls/read/input_mnlcchco.json,.json,yes,
input_mnlccz3d.json,tool_calls/read/input_mnlccz3d.json,.json,yes,
input_mnlce2pq.json,tool_calls/read/input_mnlce2pq.json,.json,yes,
input_mnlce8xa.json,tool_calls/read/input_mnlce8xa.json,.json,yes,
input_mnld13b0.json,tool_calls/read/input_mnld13b0.json,.json,yes,
input_mnld17bn.json,tool_calls/read/input_mnld17bn.json,.json,yes,
input_mnld1nl9.json,tool_calls/read/input_mnld1nl9.json,.json,yes,
input_mnld1rmd.json,tool_calls/read/input_mnld1rmd.json,.json,yes,
input_mnldj6mb.json,tool_calls/read/input_mnldj6mb.json,.json,yes,
input_mnldlpg1.json,tool_calls/read/input_mnldlpg1.json,.json,yes,
output_mnjwhhtr.json,tool_calls/read/output_mnjwhhtr.json,.json,yes,
output_mnjwhoqx.json,tool_calls/read/output_mnjwhoqx.json,.json,yes,
output_mnjwhwye.json,tool_calls/read/output_mnjwhwye.json,.json,yes,
output_mnjwi5q5.json,tool_calls/read/output_mnjwi5q5.json,.json,yes,
output_mnjwigmh.json,tool_calls/read/output_mnjwigmh.json,.json,yes,
output_mnjwinl0.json,tool_calls/read/output_mnjwinl0.json,.json,yes,
output_mnjwiz4g.json,tool_calls/read/output_mnjwiz4g.json,.json,yes,
output_mnjwj7mv.json,tool_calls/read/output_mnjwj7mv.json,.json,yes,
output_mnjwjlvn.json,tool_calls/read/output_mnjwjlvn.json,.json,yes,
output_mnjwjtzd.json,tool_calls/read/output_mnjwjtzd.json,.json,yes,
output_mnjwk6iq.json,tool_calls/read/output_mnjwk6iq.json,.json,yes,
output_mnjwkrog.json,tool_calls/read/output_mnjwkrog.json,.json,yes,
output_mnjwtjau.json,tool_calls/read/output_mnjwtjau.json,.json,yes,
output_mnjxp6as.json,tool_calls/read/output_mnjxp6as.json,.json,yes,
output_mnjxp6bc.json,tool_calls/read/output_mnjxp6bc.json,.json,yes,
output_mnjxp6d2.json,tool_calls/read/output_mnjxp6d2.json,.json,yes,
output_mnjxp6hs.json,tool_calls/read/output_mnjxp6hs.json,.json,yes,
output_mnjxpx4b.json,tool_calls/read/output_mnjxpx4b.json,.json,yes,
output_mnjxq0tu.json,tool_calls/read/output_mnjxq0tu.json,.json,yes,
output_mnjxz9kq.json,tool_calls/read/output_mnjxz9kq.json,.json,yes,
output_mnjxzr0d.json,tool_calls/read/output_mnjxzr0d.json,.json,yes,
output_mnjy0zx5.json,tool_calls/read/output_mnjy0zx5.json,.json,yes,
output_mnjy14cj.json,tool_calls/read/output_mnjy14cj.json,.json,yes,
output_mnjy14f1.json,tool_calls/read/output_mnjy14f1.json,.json,yes,
output_mnjy1b8b.json,tool_calls/read/output_mnjy1b8b.json,.json,yes,
output_mnjy1f8i.json,tool_calls/read/output_mnjy1f8i.json,.json,yes,
output_mnjy1fbn.json,tool_calls/read/output_mnjy1fbn.json,.json,yes,
output_mnjy1onc.json,tool_calls/read/output_mnjy1onc.json,.json,yes,
output_mnjy1oot.json,tool_calls/read/output_mnjy1oot.json,.json,yes,
output_mnjyaxbt.json,tool_calls/read/output_mnjyaxbt.json,.json,yes,
output_mnjybeoy.json,tool_calls/read/output_mnjybeoy.json,.json,yes,
output_mnjybhii.json,tool_calls/read/output_mnjybhii.json,.json,yes,
output_mnjyzb80.json,tool_calls/read/output_mnjyzb80.json,.json,yes,
output_mnk0anst.json,tool_calls/read/output_mnk0anst.json,.json,yes,
output_mnk0aqj8.json,tool_calls/read/output_mnk0aqj8.json,.json,yes,
output_mnk0hhwy.json,tool_calls/read/output_mnk0hhwy.json,.json,yes,
output_mnk0hxzt.json,tool_calls/read/output_mnk0hxzt.json,.json,yes,
output_mnk0i22p.json,tool_calls/read/output_mnk0i22p.json,.json,yes,
output_mnk0ik0e.json,tool_calls/read/output_mnk0ik0e.json,.json,yes,
output_mnk0impd.json,tool_calls/read/output_mnk0impd.json,.json,yes,
output_mnk0j2vk.json,tool_calls/read/output_mnk0j2vk.json,.json,yes,
output_mnk0j84o.json,tool_calls/read/output_mnk0j84o.json,.json,yes,
output_mnk0mz0i.json,tool_calls/read/output_mnk0mz0i.json,.json,yes,
output_mnkutexu.json,tool_calls/read/output_mnkutexu.json,.json,yes,
output_mnkutgst.json,tool_calls/read/output_mnkutgst.json,.json,yes,
output_mnkv0md7.json,tool_calls/read/output_mnkv0md7.json,.json,yes,
output_mnkv0mgb.json,tool_calls/read/output_mnkv0mgb.json,.json,yes,
output_mnkv0w7n.json,tool_calls/read/output_mnkv0w7n.json,.json,yes,
output_mnkv0w7q.json,tool_calls/read/output_mnkv0w7q.json,.json,yes,
output_mnkv17n8.json,tool_calls/read/output_mnkv17n8.json,.json,yes,
output_mnkv17y0.json,tool_calls/read/output_mnkv17y0.json,.json,yes,
output_mnkv1imm.json,tool_calls/read/output_mnkv1imm.json,.json,yes,
output_mnkv1r1r.json,tool_calls/read/output_mnkv1r1r.json,.json,yes,
output_mnkv669z.json,tool_calls/read/output_mnkv669z.json,.json,yes,
output_mnkvctai.json,tool_calls/read/output_mnkvctai.json,.json,yes,
output_mnkvd2n4.json,tool_calls/read/output_mnkvd2n4.json,.json,yes,
output_mnkvdasw.json,tool_calls/read/output_mnkvdasw.json,.json,yes,
output_mnkvdk78.json,tool_calls/read/output_mnkvdk78.json,.json,yes,
output_mnkviydk.json,tool_calls/read/output_mnkviydk.json,.json,yes,
output_mnkw0k41.json,tool_calls/read/output_mnkw0k41.json,.json,yes,
output_mnkw3kej.json,tool_calls/read/output_mnkw3kej.json,.json,yes,
output_mnkw3shd.json,tool_calls/read/output_mnkw3shd.json,.json,yes,
output_mnkw4qr6.json,tool_calls/read/output_mnkw4qr6.json,.json,yes,
output_mnkw58gt.json,tool_calls/read/output_mnkw58gt.json,.json,yes,
output_mnkw5sbe.json,tool_calls/read/output_mnkw5sbe.json,.json,yes,
output_mnkw67am.json,tool_calls/read/output_mnkw67am.json,.json,yes,
output_mnkw6nqg.json,tool_calls/read/output_mnkw6nqg.json,.json,yes,
output_mnkw6wxs.json,tool_calls/read/output_mnkw6wxs.json,.json,yes,
output_mnkw8gul.json,tool_calls/read/output_mnkw8gul.json,.json,yes,
output_mnkw8r0v.json,tool_calls/read/output_mnkw8r0v.json,.json,yes,
output_mnkw91mo.json,tool_calls/read/output_mnkw91mo.json,.json,yes,
output_mnkw9dom.json,tool_calls/read/output_mnkw9dom.json,.json,yes,
output_mnkwaqem.json,tool_calls/read/output_mnkwaqem.json,.json,yes,
output_mnkwf8uc.json,tool_calls/read/output_mnkwf8uc.json,.json,yes,
output_mnkwp6go.json,tool_calls/read/output_mnkwp6go.json,.json,yes,
output_mnkwp974.json,tool_calls/read/output_mnkwp974.json,.json,yes,
output_mnky6b21.json,tool_calls/read/output_mnky6b21.json,.json,yes,
output_mnky6b2e.json,tool_calls/read/output_mnky6b2e.json,.json,yes,
output_mnkyd12t.json,tool_calls/read/output_mnkyd12t.json,.json,yes,
output_mnkypxtn.json,tool_calls/read/output_mnkypxtn.json,.json,yes,
output_mnl6z6n5.json,tool_calls/read/output_mnl6z6n5.json,.json,yes,
output_mnlacwwb.json,tool_calls/read/output_mnlacwwb.json,.json,yes,
output_mnlacwwl.json,tool_calls/read/output_mnlacwwl.json,.json,yes,
output_mnlacwx0.json,tool_calls/read/output_mnlacwx0.json,.json,yes,
output_mnlaczy5.json,tool_calls/read/output_mnlaczy5.json,.json,yes,
output_mnlad01p.json,tool_calls/read/output_mnlad01p.json,.json,yes,
output_mnlad049.json,tool_calls/read/output_mnlad049.json,.json,yes,
output_mnlad4rk.json,tool_calls/read/output_mnlad4rk.json,.json,yes,
output_mnlajp0t.json,tool_calls/read/output_mnlajp0t.json,.json,yes,
output_mnlajy8b.json,tool_calls/read/output_mnlajy8b.json,.json,yes,
output_mnlakncz.json,tool_calls/read/output_mnlakncz.json,.json,yes,
output_mnlaktvl.json,tool_calls/read/output_mnlaktvl.json,.json,yes,
output_mnlal55v.json,tool_calls/read/output_mnlal55v.json,.json,yes,
output_mnlaleej.json,tool_calls/read/output_mnlaleej.json,.json,yes,
output_mnlat6b9.json,tool_calls/read/output_mnlat6b9.json,.json,yes,
output_mnlat6g1.json,tool_calls/read/output_mnlat6g1.json,.json,yes,
output_mnlatczu.json,tool_calls/read/output_mnlatczu.json,.json,yes,
output_mnlb6kbf.json,tool_calls/read/output_mnlb6kbf.json,.json,yes,
output_mnlb6t2n.json,tool_calls/read/output_mnlb6t2n.json,.json,yes,
output_mnlb73ra.json,tool_calls/read/output_mnlb73ra.json,.json,yes,
output_mnlb769h.json,tool_calls/read/output_mnlb769h.json,.json,yes,
output_mnlb9qoh.json,tool_calls/read/output_mnlb9qoh.json,.json,yes,
output_mnlb9u4d.json,tool_calls/read/output_mnlb9u4d.json,.json,yes,
output_mnlba9pf.json,tool_calls/read/output_mnlba9pf.json,.json,yes,
output_mnlbac0o.json,tool_calls/read/output_mnlbac0o.json,.json,yes,
output_mnlbsla5.json,tool_calls/read/output_mnlbsla5.json,.json,yes,
output_mnlbslab.json,tool_calls/read/output_mnlbslab.json,.json,yes,
output_mnlc95p9.json,tool_calls/read/output_mnlc95p9.json,.json,yes,
output_mnlc9kxi.json,tool_calls/read/output_mnlc9kxi.json,.json,yes,
output_mnlc9n0o.json,tool_calls/read/output_mnlc9n0o.json,.json,yes,
output_mnlca8lj.json,tool_calls/read/output_mnlca8lj.json,.json,yes,
output_mnlcc831.json,tool_calls/read/output_mnlcc831.json,.json,yes,
output_mnlccd01.json,tool_calls/read/output_mnlccd01.json,.json,yes,
output_mnlcchco.json,tool_calls/read/output_mnlcchco.json,.json,yes,
output_mnlccz3d.json,tool_calls/read/output_mnlccz3d.json,.json,yes,
output_mnlce2pq.json,tool_calls/read/output_mnlce2pq.json,.json,yes,
output_mnlce8xa.json,tool_calls/read/output_mnlce8xa.json,.json,yes,
output_mnld13b0.json,tool_calls/read/output_mnld13b0.json,.json,yes,
output_mnld17bn.json,tool_calls/read/output_mnld17bn.json,.json,yes,
output_mnld1nl9.json,tool_calls/read/output_mnld1nl9.json,.json,yes,
output_mnld1rmd.json,tool_calls/read/output_mnld1rmd.json,.json,yes,
output_mnldj6mb.json,tool_calls/read/output_mnldj6mb.json,.json,yes,
output_mnldlpg1.json,tool_calls/read/output_mnldlpg1.json,.json,yes,
screenshot_perplexity.ai_computer_a_santa-fe-ai-dfWoe4._20260404_222927_mnkwnewr.png,tool_calls/screenshot/screenshot_perplexity.ai_computer_a_santa-fe-ai-dfWoe4._20260404_222927_mnkwnewr.png,.png,yes,
screenshot_sites.pplx.app_sites_proxy_eyJhbGciOiJIUzI1Ni_20260404_053958_mnjwl7pw.png,tool_calls/screenshot/screenshot_sites.pplx.app_sites_proxy_eyJhbGciOiJIUzI1Ni_20260404_053958_mnjwl7pw.png,.png,yes,
screenshot_sites.pplx.app_sites_proxy_eyJhbGciOiJIUzI1Ni_20260404_054022_mnjwlpsj.png,tool_calls/screenshot/screenshot_sites.pplx.app_sites_proxy_eyJhbGciOiJIUzI1Ni_20260404_054022_mnjwlpsj.png,.png,yes,
screenshot_sites.pplx.app_sites_proxy_eyJhbGciOiJIUzI1Ni_20260404_060300_mnjxetqr.png,tool_calls/screenshot/screenshot_sites.pplx.app_sites_proxy_eyJhbGciOiJIUzI1Ni_20260404_060300_mnjxetqr.png,.png,yes,
screenshot_sites.pplx.app_sites_proxy_eyJhbGciOiJIUzI1Ni_20260404_060346_mnjxftk1.png,tool_calls/screenshot/screenshot_sites.pplx.app_sites_proxy_eyJhbGciOiJIUzI1Ni_20260404_060346_mnjxftk1.png,.png,yes,
screenshot_sites.pplx.app_sites_proxy_eyJhbGciOiJIUzI1Ni_20260404_060422_mnjxglba.png,tool_calls/screenshot/screenshot_sites.pplx.app_sites_proxy_eyJhbGciOiJIUzI1Ni_20260404_060422_mnjxglba.png,.png,yes,
screenshot_sites.pplx.app_sites_proxy_eyJhbGciOiJIUzI1Ni_20260404_060940_mnjxnemu.png,tool_calls/screenshot/screenshot_sites.pplx.app_sites_proxy_eyJhbGciOiJIUzI1Ni_20260404_060940_mnjxnemu.png,.png,yes,
screenshot_sites.pplx.app_sites_proxy_eyJhbGciOiJIUzI1Ni_20260404_061003_mnjxnwgt.png,tool_calls/screenshot/screenshot_sites.pplx.app_sites_proxy_eyJhbGciOiJIUzI1Ni_20260404_061003_mnjxnwgt.png,.png,yes,
screenshot_sites.pplx.app_sites_proxy_eyJhbGciOiJIUzI1Ni_20260404_062115_mnjy2axl.png,tool_calls/screenshot/screenshot_sites.pplx.app_sites_proxy_eyJhbGciOiJIUzI1Ni_20260404_062115_mnjy2axl.png,.png,yes,
screenshot_sites.pplx.app_sites_proxy_eyJhbGciOiJIUzI1Ni_20260404_062152_mnjy337j.png,tool_calls/screenshot/screenshot_sites.pplx.app_sites_proxy_eyJhbGciOiJIUzI1Ni_20260404_062152_mnjy337j.png,.png,yes,
screenshot_sites.pplx.app_sites_proxy_eyJhbGciOiJIUzI1Ni_20260404_062850_mnjyc1wc.png,tool_calls/screenshot/screenshot_sites.pplx.app_sites_proxy_eyJhbGciOiJIUzI1Ni_20260404_062850_mnjyc1wc.png,.png,yes,
screenshot_sites.pplx.app_sites_proxy_eyJhbGciOiJIUzI1Ni_20260404_062924_mnjycrzi.png,tool_calls/screenshot/screenshot_sites.pplx.app_sites_proxy_eyJhbGciOiJIUzI1Ni_20260404_062924_mnjycrzi.png,.png,yes,
screenshot_sites.pplx.app_sites_proxy_eyJhbGciOiJIUzI1Ni_20260404_064211_mnjyt849.png,tool_calls/screenshot/screenshot_sites.pplx.app_sites_proxy_eyJhbGciOiJIUzI1Ni_20260404_064211_mnjyt849.png,.png,yes,
screenshot_sites.pplx.app_sites_proxy_eyJhbGciOiJIUzI1Ni_20260404_064247_mnjytzeu.png,tool_calls/screenshot/screenshot_sites.pplx.app_sites_proxy_eyJhbGciOiJIUzI1Ni_20260404_064247_mnjytzeu.png,.png,yes,
screenshot_sites.pplx.app_sites_proxy_eyJhbGciOiJIUzI1Ni_20260404_070507_mnjzmpma.png,tool_calls/screenshot/screenshot_sites.pplx.app_sites_proxy_eyJhbGciOiJIUzI1Ni_20260404_070507_mnjzmpma.png,.png,yes,
screenshot_sites.pplx.app_sites_proxy_eyJhbGciOiJIUzI1Ni_20260404_070547_mnjznkpt.png,tool_calls/screenshot/screenshot_sites.pplx.app_sites_proxy_eyJhbGciOiJIUzI1Ni_20260404_070547_mnjznkpt.png,.png,yes,
screenshot_sites.pplx.app_sites_proxy_eyJhbGciOiJIUzI1Ni_20260404_071215_mnjzvw3y.png,tool_calls/screenshot/screenshot_sites.pplx.app_sites_proxy_eyJhbGciOiJIUzI1Ni_20260404_071215_mnjzvw3y.png,.png,yes,
screenshot_sites.pplx.app_sites_proxy_eyJhbGciOiJIUzI1Ni_20260404_071251_mnjzwo1i.png,tool_calls/screenshot/screenshot_sites.pplx.app_sites_proxy_eyJhbGciOiJIUzI1Ni_20260404_071251_mnjzwo1i.png,.png,yes,
screenshot_sites.pplx.app_sites_proxy_eyJhbGciOiJIUzI1Ni_20260404_072031_mnk06itu.png,tool_calls/screenshot/screenshot_sites.pplx.app_sites_proxy_eyJhbGciOiJIUzI1Ni_20260404_072031_mnk06itu.png,.png,yes,
screenshot_sites.pplx.app_sites_proxy_eyJhbGciOiJIUzI1Ni_20260404_072111_mnk07dcp.png,tool_calls/screenshot/screenshot_sites.pplx.app_sites_proxy_eyJhbGciOiJIUzI1Ni_20260404_072111_mnk07dcp.png,.png,yes,
screenshot_sites.pplx.app_sites_proxy_eyJhbGciOiJIUzI1Ni_20260404_073100_mnk0k0bo.png,tool_calls/screenshot/screenshot_sites.pplx.app_sites_proxy_eyJhbGciOiJIUzI1Ni_20260404_073100_mnk0k0bo.png,.png,yes,
screenshot_sites.pplx.app_sites_proxy_eyJhbGciOiJIUzI1Ni_20260404_073734_mnk0sg8r.png,tool_calls/screenshot/screenshot_sites.pplx.app_sites_proxy_eyJhbGciOiJIUzI1Ni_20260404_073734_mnk0sg8r.png,.png,yes,
screenshot_sites.pplx.app_sites_proxy_eyJhbGciOiJIUzI1Ni_20260404_212902_mnkuhpl8.png,tool_calls/screenshot/screenshot_sites.pplx.app_sites_proxy_eyJhbGciOiJIUzI1Ni_20260404_212902_mnkuhpl8.png,.png,yes,
screenshot_sites.pplx.app_sites_proxy_eyJhbGciOiJIUzI1Ni_20260404_214504_mnkv2cac.png,tool_calls/screenshot/screenshot_sites.pplx.app_sites_proxy_eyJhbGciOiJIUzI1Ni_20260404_214504_mnkv2cac.png,.png,yes,
screenshot_sites.pplx.app_sites_proxy_eyJhbGciOiJIUzI1Ni_20260404_215415_mnkve4xq.png,tool_calls/screenshot/screenshot_sites.pplx.app_sites_proxy_eyJhbGciOiJIUzI1Ni_20260404_215415_mnkve4xq.png,.png,yes,
screenshot_sites.pplx.app_sites_proxy_eyJhbGciOiJIUzI1Ni_20260404_220615_mnkvtl58.png,tool_calls/screenshot/screenshot_sites.pplx.app_sites_proxy_eyJhbGciOiJIUzI1Ni_20260404_220615_mnkvtl58.png,.png,yes,
screenshot_sites.pplx.app_sites_proxy_eyJhbGciOiJIUzI1Ni_20260404_222003_mnkwbc0r.png,tool_calls/screenshot/screenshot_sites.pplx.app_sites_proxy_eyJhbGciOiJIUzI1Ni_20260404_222003_mnkwbc0r.png,.png,yes,
screenshot_sites.pplx.app_sites_proxy_eyJhbGciOiJIUzI1Ni_20260404_222101_mnkwckg6.png,tool_calls/screenshot/screenshot_sites.pplx.app_sites_proxy_eyJhbGciOiJIUzI1Ni_20260404_222101_mnkwckg6.png,.png,yes,
screenshot_sites.pplx.app_sites_proxy_eyJhbGciOiJIUzI1Ni_20260404_222657_mnkwk71i.png,tool_calls/screenshot/screenshot_sites.pplx.app_sites_proxy_eyJhbGciOiJIUzI1Ni_20260404_222657_mnkwk71i.png,.png,yes,
screenshot_sites.pplx.app_sites_proxy_eyJhbGciOiJIUzI1Ni_20260404_222807_mnkwlown.png,tool_calls/screenshot/screenshot_sites.pplx.app_sites_proxy_eyJhbGciOiJIUzI1Ni_20260404_222807_mnkwlown.png,.png,yes,
screenshot_sites.pplx.app_sites_proxy_eyJhbGciOiJIUzI1Ni_20260404_223837_mnkwz78g.png,tool_calls/screenshot/screenshot_sites.pplx.app_sites_proxy_eyJhbGciOiJIUzI1Ni_20260404_223837_mnkwz78g.png,.png,yes,
screenshot_sites.pplx.app_sites_proxy_eyJhbGciOiJIUzI1Ni_20260404_225202_mnkxggqc.png,tool_calls/screenshot/screenshot_sites.pplx.app_sites_proxy_eyJhbGciOiJIUzI1Ni_20260404_225202_mnkxggqc.png,.png,yes,
screenshot_sites.pplx.app_sites_proxy_eyJhbGciOiJIUzI1Ni_20260404_225518_mnkxknl2.png,tool_calls/screenshot/screenshot_sites.pplx.app_sites_proxy_eyJhbGciOiJIUzI1Ni_20260404_225518_mnkxknl2.png,.png,yes,
screenshot_sites.pplx.app_sites_proxy_eyJhbGciOiJIUzI1Ni_20260404_231650_mnkyccwr.png,tool_calls/screenshot/screenshot_sites.pplx.app_sites_proxy_eyJhbGciOiJIUzI1Ni_20260404_231650_mnkyccwr.png,.png,yes,
screenshot_sites.pplx.app_sites_proxy_eyJhbGciOiJIUzI1Ni_20260404_232758_mnkyqo4j.png,tool_calls/screenshot/screenshot_sites.pplx.app_sites_proxy_eyJhbGciOiJIUzI1Ni_20260404_232758_mnkyqo4j.png,.png,yes,
screenshot_sites.pplx.app_sites_proxy_eyJhbGciOiJIUzI1Ni_20260404_233210_mnkyw2k4.png,tool_calls/screenshot/screenshot_sites.pplx.app_sites_proxy_eyJhbGciOiJIUzI1Ni_20260404_233210_mnkyw2k4.png,.png,yes,
screenshot_sites.pplx.app_sites_proxy_eyJhbGciOiJIUzI1Ni_20260404_234102_mnkz7h02.png,tool_calls/screenshot/screenshot_sites.pplx.app_sites_proxy_eyJhbGciOiJIUzI1Ni_20260404_234102_mnkz7h02.png,.png,yes,
screenshot_sites.pplx.app_sites_proxy_eyJhbGciOiJIUzI1Ni_20260404_234211_mnkz8y8x.png,tool_calls/screenshot/screenshot_sites.pplx.app_sites_proxy_eyJhbGciOiJIUzI1Ni_20260404_234211_mnkz8y8x.png,.png,yes,
screenshot_sites.pplx.app_sites_proxy_eyJhbGciOiJIUzI1Ni_20260404_234536_mnkzdcr9.png,tool_calls/screenshot/screenshot_sites.pplx.app_sites_proxy_eyJhbGciOiJIUzI1Ni_20260404_234536_mnkzdcr9.png,.png,yes,
screenshot_sites.pplx.app_sites_proxy_eyJhbGciOiJIUzI1Ni_20260404_234750_mnkzg7eg.png,tool_calls/screenshot/screenshot_sites.pplx.app_sites_proxy_eyJhbGciOiJIUzI1Ni_20260404_234750_mnkzg7eg.png,.png,yes,
screenshot_sites.pplx.app_sites_proxy_eyJhbGciOiJIUzI1Ni_20260405_032525_mnl7813q.png,tool_calls/screenshot/screenshot_sites.pplx.app_sites_proxy_eyJhbGciOiJIUzI1Ni_20260405_032525_mnl7813q.png,.png,yes,
screenshot_sites.pplx.app_sites_proxy_eyJhbGciOiJIUzI1Ni_20260405_034944_mnl83arj.png,tool_calls/screenshot/screenshot_sites.pplx.app_sites_proxy_eyJhbGciOiJIUzI1Ni_20260405_034944_mnl83arj.png,.png,yes,
screenshot_sites.pplx.app_sites_proxy_eyJhbGciOiJIUzI1Ni_20260405_035022_mnl844cs.png,tool_calls/screenshot/screenshot_sites.pplx.app_sites_proxy_eyJhbGciOiJIUzI1Ni_20260405_035022_mnl844cs.png,.png,yes,
screenshot_sites.pplx.app_sites_proxy_eyJhbGciOiJIUzI1Ni_20260405_035151_mnl8615p.png,tool_calls/screenshot/screenshot_sites.pplx.app_sites_proxy_eyJhbGciOiJIUzI1Ni_20260405_035151_mnl8615p.png,.png,yes,
screenshot_sites.pplx.app_sites_proxy_eyJhbGciOiJIUzI1Ni_20260405_035231_mnl86vp5.png,tool_calls/screenshot/screenshot_sites.pplx.app_sites_proxy_eyJhbGciOiJIUzI1Ni_20260405_035231_mnl86vp5.png,.png,yes,
screenshot_sites.pplx.app_sites_proxy_eyJhbGciOiJIUzI1Ni_20260405_040734_mnl8q8a5.png,tool_calls/screenshot/screenshot_sites.pplx.app_sites_proxy_eyJhbGciOiJIUzI1Ni_20260405_040734_mnl8q8a5.png,.png,yes,
screenshot_sites.pplx.app_sites_proxy_eyJhbGciOiJIUzI1Ni_20260405_040813_mnl8r2f4.png,tool_calls/screenshot/screenshot_sites.pplx.app_sites_proxy_eyJhbGciOiJIUzI1Ni_20260405_040813_mnl8r2f4.png,.png,yes,
screenshot_sites.pplx.app_sites_proxy_eyJhbGciOiJIUzI1Ni_20260405_041541_mnl90o27.png,tool_calls/screenshot/screenshot_sites.pplx.app_sites_proxy_eyJhbGciOiJIUzI1Ni_20260405_041541_mnl90o27.png,.png,yes,
screenshot_sites.pplx.app_sites_proxy_eyJhbGciOiJIUzI1Ni_20260405_042506_mnl9csgp.png,tool_calls/screenshot/screenshot_sites.pplx.app_sites_proxy_eyJhbGciOiJIUzI1Ni_20260405_042506_mnl9csgp.png,.png,yes,
screenshot_sites.pplx.app_sites_proxy_eyJhbGciOiJIUzI1Ni_20260405_042543_mnl9dkqu.png,tool_calls/screenshot/screenshot_sites.pplx.app_sites_proxy_eyJhbGciOiJIUzI1Ni_20260405_042543_mnl9dkqu.png,.png,yes,
screenshot_sites.pplx.app_sites_proxy_eyJhbGciOiJIUzI1Ni_20260405_043837_mnl9u618.png,tool_calls/screenshot/screenshot_sites.pplx.app_sites_proxy_eyJhbGciOiJIUzI1Ni_20260405_043837_mnl9u618.png,.png,yes,
screenshot_sites.pplx.app_sites_proxy_eyJhbGciOiJIUzI1Ni_20260405_043914_mnl9uy5s.png,tool_calls/screenshot/screenshot_sites.pplx.app_sites_proxy_eyJhbGciOiJIUzI1Ni_20260405_043914_mnl9uy5s.png,.png,yes,
screenshot_sites.pplx.app_sites_proxy_eyJhbGciOiJIUzI1Ni_20260405_044049_mnl9x064.png,tool_calls/screenshot/screenshot_sites.pplx.app_sites_proxy_eyJhbGciOiJIUzI1Ni_20260405_044049_mnl9x064.png,.png,yes,
screenshot_sites.pplx.app_sites_proxy_eyJhbGciOiJIUzI1Ni_20260405_050017_mnlam1b5.png,tool_calls/screenshot/screenshot_sites.pplx.app_sites_proxy_eyJhbGciOiJIUzI1Ni_20260405_050017_mnlam1b5.png,.png,yes,
screenshot_sites.pplx.app_sites_proxy_eyJhbGciOiJIUzI1Ni_20260405_051940_mnlbaygl.png,tool_calls/screenshot/screenshot_sites.pplx.app_sites_proxy_eyJhbGciOiJIUzI1Ni_20260405_051940_mnlbaygl.png,.png,yes,
screenshot_sites.pplx.app_sites_proxy_eyJhbGciOiJIUzI1Ni_20260405_055046_mnlcey7g.png,tool_calls/screenshot/screenshot_sites.pplx.app_sites_proxy_eyJhbGciOiJIUzI1Ni_20260405_055046_mnlcey7g.png,.png,yes,
screenshot_sites.pplx.app_sites_proxy_eyJhbGciOiJIUzI1Ni_20260405_060902_mnld2g7e.png,tool_calls/screenshot/screenshot_sites.pplx.app_sites_proxy_eyJhbGciOiJIUzI1Ni_20260405_060902_mnld2g7e.png,.png,yes,
screenshot_sites.pplx.app_sites_proxy_eyJhbGciOiJIUzI1Ni_20260405_062349_mnldlggr.png,tool_calls/screenshot/screenshot_sites.pplx.app_sites_proxy_eyJhbGciOiJIUzI1Ni_20260405_062349_mnldlggr.png,.png,yes,
screenshot_sites.pplx.app_sites_proxy_eyJhbGciOiJIUzI1Ni_20260405_062636_mnldp1fe.png,tool_calls/screenshot/screenshot_sites.pplx.app_sites_proxy_eyJhbGciOiJIUzI1Ni_20260405_062636_mnldp1fe.png,.png,yes,
screenshot_sites.pplx.app_sites_proxy_eyJhbGciOiJIUzI1Ni_20260405_062940_mnldsz4d.png,tool_calls/screenshot/screenshot_sites.pplx.app_sites_proxy_eyJhbGciOiJIUzI1Ni_20260405_062940_mnldsz4d.png,.png,yes,
input_mnjxnwkx.json,tool_calls/screenshot_page/input_mnjxnwkx.json,.json,yes,
input_mnkwnf1t.json,tool_calls/screenshot_page/input_mnkwnf1t.json,.json,yes,
output_mnjxnwkx.json,tool_calls/screenshot_page/output_mnjxnwkx.json,.json,yes,
output_mnkwnf1t.json,tool_calls/screenshot_page/output_mnkwnf1t.json,.json,yes,
input_mnl9g9g7.json,tool_calls/search_web/input_mnl9g9g7.json,.json,yes,
input_mnl9gcf5.json,tool_calls/search_web/input_mnl9gcf5.json,.json,yes,
input_mnl9geyp.json,tool_calls/search_web/input_mnl9geyp.json,.json,yes,
input_mnl9ggxe.json,tool_calls/search_web/input_mnl9ggxe.json,.json,yes,
input_mnl9gslq.json,tool_calls/search_web/input_mnl9gslq.json,.json,yes,
input_mnl9gxqj.json,tool_calls/search_web/input_mnl9gxqj.json,.json,yes,
input_mnl9h24j.json,tool_calls/search_web/input_mnl9h24j.json,.json,yes,
input_mnl9h292.json,tool_calls/search_web/input_mnl9h292.json,.json,yes,
input_mnl9h5m9.json,tool_calls/search_web/input_mnl9h5m9.json,.json,yes,
input_mnl9hasr.json,tool_calls/search_web/input_mnl9hasr.json,.json,yes,
input_mnl9hb7m.json,tool_calls/search_web/input_mnl9hb7m.json,.json,yes,
input_mnl9hbn4.json,tool_calls/search_web/input_mnl9hbn4.json,.json,yes,
input_mnl9hl7s.json,tool_calls/search_web/input_mnl9hl7s.json,.json,yes,
input_mnl9hly2.json,tool_calls/search_web/input_mnl9hly2.json,.json,yes,
input_mnl9hmbv.json,tool_calls/search_web/input_mnl9hmbv.json,.json,yes,
input_mnl9ho7o.json,tool_calls/search_web/input_mnl9ho7o.json,.json,yes,
input_mnl9hsk1.json,tool_calls/search_web/input_mnl9hsk1.json,.json,yes,
input_mnl9hsnv.json,tool_calls/search_web/input_mnl9hsnv.json,.json,yes,
input_mnl9hyun.json,tool_calls/search_web/input_mnl9hyun.json,.json,yes,
input_mnl9i0l0.json,tool_calls/search_web/input_mnl9i0l0.json,.json,yes,
input_mnl9ibrk.json,tool_calls/search_web/input_mnl9ibrk.json,.json,yes,
input_mnl9ifmv.json,tool_calls/search_web/input_mnl9ifmv.json,.json,yes,
input_mnl9igdz.json,tool_calls/search_web/input_mnl9igdz.json,.json,yes,
input_mnl9ihh9.json,tool_calls/search_web/input_mnl9ihh9.json,.json,yes,
input_mnl9ipvx.json,tool_calls/search_web/input_mnl9ipvx.json,.json,yes,
input_mnl9iujp.json,tool_calls/search_web/input_mnl9iujp.json,.json,yes,
input_mnl9j03j.json,tool_calls/search_web/input_mnl9j03j.json,.json,yes,
input_mnl9j1jx.json,tool_calls/search_web/input_mnl9j1jx.json,.json,yes,
input_mnl9j3ar.json,tool_calls/search_web/input_mnl9j3ar.json,.json,yes,
input_mnl9j582.json,tool_calls/search_web/input_mnl9j582.json,.json,yes,
input_mnl9j75e.json,tool_calls/search_web/input_mnl9j75e.json,.json,yes,
input_mnl9jruz.json,tool_calls/search_web/input_mnl9jruz.json,.json,yes,
input_mnl9js1y.json,tool_calls/search_web/input_mnl9js1y.json,.json,yes,
input_mnl9jyfi.json,tool_calls/search_web/input_mnl9jyfi.json,.json,yes,
input_mnl9k7q2.json,tool_calls/search_web/input_mnl9k7q2.json,.json,yes,
input_mnl9k9fk.json,tool_calls/search_web/input_mnl9k9fk.json,.json,yes,
input_mnl9kcrx.json,tool_calls/search_web/input_mnl9kcrx.json,.json,yes,
input_mnl9kfco.json,tool_calls/search_web/input_mnl9kfco.json,.json,yes,
input_mnl9kfhn.json,tool_calls/search_web/input_mnl9kfhn.json,.json,yes,
input_mnl9khg8.json,tool_calls/search_web/input_mnl9khg8.json,.json,yes,
input_mnl9khge.json,tool_calls/search_web/input_mnl9khge.json,.json,yes,
input_mnl9kltx.json,tool_calls/search_web/input_mnl9kltx.json,.json,yes,
input_mnl9kmow.json,tool_calls/search_web/input_mnl9kmow.json,.json,yes,
input_mnl9kotr.json,tool_calls/search_web/input_mnl9kotr.json,.json,yes,
input_mnl9kp8i.json,tool_calls/search_web/input_mnl9kp8i.json,.json,yes,
input_mnl9kurq.json,tool_calls/search_web/input_mnl9kurq.json,.json,yes,
input_mnl9ky99.json,tool_calls/search_web/input_mnl9ky99.json,.json,yes,
input_mnl9kz3h.json,tool_calls/search_web/input_mnl9kz3h.json,.json,yes,
input_mnl9l73t.json,tool_calls/search_web/input_mnl9l73t.json,.json,yes,
input_mnl9l9i9.json,tool_calls/search_web/input_mnl9l9i9.json,.json,yes,
input_mnl9lcia.json,tool_calls/search_web/input_mnl9lcia.json,.json,yes,
input_mnl9llb5.json,tool_calls/search_web/input_mnl9llb5.json,.json,yes,
input_mnl9lt5z.json,tool_calls/search_web/input_mnl9lt5z.json,.json,yes,
input_mnl9luyu.json,tool_calls/search_web/input_mnl9luyu.json,.json,yes,
input_mnl9lvaz.json,tool_calls/search_web/input_mnl9lvaz.json,.json,yes,
input_mnl9ly5j.json,tool_calls/search_web/input_mnl9ly5j.json,.json,yes,
input_mnl9m0f7.json,tool_calls/search_web/input_mnl9m0f7.json,.json,yes,
input_mnl9mez8.json,tool_calls/search_web/input_mnl9mez8.json,.json,yes,
input_mnl9mivs.json,tool_calls/search_web/input_mnl9mivs.json,.json,yes,
input_mnl9ml69.json,tool_calls/search_web/input_mnl9ml69.json,.json,yes,
output_mnl9g9g7.json,tool_calls/search_web/output_mnl9g9g7.json,.json,yes,
output_mnl9gcf5.json,tool_calls/search_web/output_mnl9gcf5.json,.json,yes,
output_mnl9geyp.json,tool_calls/search_web/output_mnl9geyp.json,.json,yes,
output_mnl9ggxe.json,tool_calls/search_web/output_mnl9ggxe.json,.json,yes,
output_mnl9gslq.json,tool_calls/search_web/output_mnl9gslq.json,.json,yes,
output_mnl9gxqj.json,tool_calls/search_web/output_mnl9gxqj.json,.json,yes,
output_mnl9h24j.json,tool_calls/search_web/output_mnl9h24j.json,.json,yes,
output_mnl9h292.json,tool_calls/search_web/output_mnl9h292.json,.json,yes,
output_mnl9h5m9.json,tool_calls/search_web/output_mnl9h5m9.json,.json,yes,
output_mnl9hasr.json,tool_calls/search_web/output_mnl9hasr.json,.json,yes,
output_mnl9hb7m.json,tool_calls/search_web/output_mnl9hb7m.json,.json,yes,
output_mnl9hbn4.json,tool_calls/search_web/output_mnl9hbn4.json,.json,yes,
output_mnl9hl7s.json,tool_calls/search_web/output_mnl9hl7s.json,.json,yes,
output_mnl9hly2.json,tool_calls/search_web/output_mnl9hly2.json,.json,yes,
output_mnl9hmbv.json,tool_calls/search_web/output_mnl9hmbv.json,.json,yes,
output_mnl9ho7o.json,tool_calls/search_web/output_mnl9ho7o.json,.json,yes,
output_mnl9hsk1.json,tool_calls/search_web/output_mnl9hsk1.json,.json,yes,
output_mnl9hsnv.json,tool_calls/search_web/output_mnl9hsnv.json,.json,yes,
output_mnl9hyun.json,tool_calls/search_web/output_mnl9hyun.json,.json,yes,
output_mnl9i0l0.json,tool_calls/search_web/output_mnl9i0l0.json,.json,yes,
output_mnl9ibrk.json,tool_calls/search_web/output_mnl9ibrk.json,.json,yes,
output_mnl9ifmv.json,tool_calls/search_web/output_mnl9ifmv.json,.json,yes,
output_mnl9igdz.json,tool_calls/search_web/output_mnl9igdz.json,.json,yes,
output_mnl9ihh9.json,tool_calls/search_web/output_mnl9ihh9.json,.json,yes,
output_mnl9ipvx.json,tool_calls/search_web/output_mnl9ipvx.json,.json,yes,
output_mnl9iujp.json,tool_calls/search_web/output_mnl9iujp.json,.json,yes,
output_mnl9j03j.json,tool_calls/search_web/output_mnl9j03j.json,.json,yes,
output_mnl9j1jx.json,tool_calls/search_web/output_mnl9j1jx.json,.json,yes,
output_mnl9j3ar.json,tool_calls/search_web/output_mnl9j3ar.json,.json,yes,
output_mnl9j582.json,tool_calls/search_web/output_mnl9j582.json,.json,yes,
output_mnl9j75e.json,tool_calls/search_web/output_mnl9j75e.json,.json,yes,
output_mnl9jruz.json,tool_calls/search_web/output_mnl9jruz.json,.json,yes,
output_mnl9js1y.json,tool_calls/search_web/output_mnl9js1y.json,.json,yes,
output_mnl9jyfi.json,tool_calls/search_web/output_mnl9jyfi.json,.json,yes,
output_mnl9k7q2.json,tool_calls/search_web/output_mnl9k7q2.json,.json,yes,
output_mnl9k9fk.json,tool_calls/search_web/output_mnl9k9fk.json,.json,yes,
output_mnl9kcrx.json,tool_calls/search_web/output_mnl9kcrx.json,.json,yes,
output_mnl9kfco.json,tool_calls/search_web/output_mnl9kfco.json,.json,yes,
output_mnl9kfhn.json,tool_calls/search_web/output_mnl9kfhn.json,.json,yes,
output_mnl9khg8.json,tool_calls/search_web/output_mnl9khg8.json,.json,yes,
output_mnl9khge.json,tool_calls/search_web/output_mnl9khge.json,.json,yes,
output_mnl9kltx.json,tool_calls/search_web/output_mnl9kltx.json,.json,yes,
output_mnl9kmow.json,tool_calls/search_web/output_mnl9kmow.json,.json,yes,
output_mnl9kotr.json,tool_calls/search_web/output_mnl9kotr.json,.json,yes,
output_mnl9kp8i.json,tool_calls/search_web/output_mnl9kp8i.json,.json,yes,
output_mnl9kurq.json,tool_calls/search_web/output_mnl9kurq.json,.json,yes,
output_mnl9ky99.json,tool_calls/search_web/output_mnl9ky99.json,.json,yes,
output_mnl9kz3h.json,tool_calls/search_web/output_mnl9kz3h.json,.json,yes,
output_mnl9l73t.json,tool_calls/search_web/output_mnl9l73t.json,.json,yes,
output_mnl9l9i9.json,tool_calls/search_web/output_mnl9l9i9.json,.json,yes,
output_mnl9lcia.json,tool_calls/search_web/output_mnl9lcia.json,.json,yes,
output_mnl9llb5.json,tool_calls/search_web/output_mnl9llb5.json,.json,yes,
output_mnl9lt5z.json,tool_calls/search_web/output_mnl9lt5z.json,.json,yes,
output_mnl9luyu.json,tool_calls/search_web/output_mnl9luyu.json,.json,yes,
output_mnl9lvaz.json,tool_calls/search_web/output_mnl9lvaz.json,.json,yes,
output_mnl9ly5j.json,tool_calls/search_web/output_mnl9ly5j.json,.json,yes,
output_mnl9m0f7.json,tool_calls/search_web/output_mnl9m0f7.json,.json,yes,
output_mnl9mez8.json,tool_calls/search_web/output_mnl9mez8.json,.json,yes,
output_mnl9mivs.json,tool_calls/search_web/output_mnl9mivs.json,.json,yes,
output_mnl9ml69.json,tool_calls/search_web/output_mnl9ml69.json,.json,yes,
topbar.tsx,topbar.tsx,.tsx,yes,
torre300.jpg,torre300.jpg,.jpg,yes,
torre300.svg,torre300.svg,.svg,yes,
tracking.css,tracking.css,.css,yes,
tsconfig.app.json,tsconfig.app.json,.json,yes,
tsconfig.json,tsconfig.json,.json,yes,
tsconfig.node.json,tsconfig.node.json,.json,yes,
utils.ts,utils.ts,.ts,yes,
vite.config.ts,vite.config.ts,.ts,yes,
vitest.config.ts,vitest.config.ts,.ts,yes,
browse_results_mnl9o3tq.csv,wide/browse_results_mnl9o3tq.csv,.csv,yes,
